{"stats":{"minecraft:custom":{"minecraft:time_since_death":853,"minecraft:leave_game":27,"minecraft:climb_one_cm":88852,"minecraft:damage_resisted":133676,"minecraft:sprint_one_cm":1761217,"minecraft:walk_one_cm":1705453,"minecraft:drop":59,"minecraft:damage_dealt_absorbed":280,"minecraft:play_time":2593682,"minecraft:deaths":55,"minecraft:sneak_time":48914,"minecraft:walk_under_water_one_cm":892,"minecraft:jump":16318,"minecraft:total_world_time":2593682,"minecraft:sleep_in_bed":9,"minecraft:time_since_rest":859,"minecraft:damage_taken":19016,"minecraft:damage_absorbed":320,"minecraft:damage_dealt":14347,"minecraft:fly_one_cm":14863494,"minecraft:player_kills":59,"minecraft:crouch_one_cm":82401,"minecraft:fall_one_cm":365302},"minecraft:used":{"minecraft:oak_fence":19,"minecraft:blue_terracotta":2,"extendedslabs:white_concrete_slab":47,"minecraft:writable_book":7,"minecraft:stone_sword":210,"minecraft:dead_bush":14,"minecraft:armor_stand":1,"minecraft:ladder":24,"minecraft:black_carpet":55,"framedblocks:framed_stairs":2,"minecraft:white_terracotta":5,"minecraft:stone":71,"minecraft:oak_wood":305,"minecraft:pink_terracotta":1,"minecraft:yellow_carpet":3,"extendedslabs:light_gray_concrete_stairs":732,"minecraft:oak_fence_gate":11,"minecraft:milk_bucket":8,"minecraft:honey_bottle":18,"minecraft:ravager_spawn_egg":33,"minecraft:dark_oak_planks":15,"minecraft:mossy_cobblestone_stairs":9,"extendedslabs:white_concrete_powder_stairs":1,"minecraft:wooden_axe":3,"minecraft:honey_block":6,"minecraft:grass_block":303,"minecraft:oak_stairs":83,"minecraft:smooth_sandstone":1,"minecraft:quartz_block":141,"minecraft:dark_oak_slab":125,"minecraft:mossy_cobblestone_slab":5,"extendedslabs:birch_wood_slab":1,"minecraft:dark_oak_button":10,"extendedslabs:white_concrete_stairs":61,"minecraft:stone_bricks":1,"minecraft:lime_concrete":4,"minecraft:written_book":27,"minecraft:crimson_pressure_plate":1,"minecraft:stone_pressure_plate":70,"extendedslabs:vertical_lime_concrete_slab":46,"minecraft:pointed_dripstone":440,"minecraft:brown_bed":1,"minecraft:light_blue_carpet":59,"extendedslabs:red_terracotta_stairs":41,"minecraft:dark_oak_stairs":64,"minecraft:sandstone_stairs":175,"minecraft:prismarine":14,"minecraft:oak_planks":209,"minecraft:blue_wool":54,"minecraft:cactus":163,"minecraft:sandstone":1451,"minecraft:redstone_block":1,"minecraft:spruce_fence_gate":5,"minecraft:white_wool":24,"extendedslabs:black_concrete_slab":99,"minecraft:golden_apple":10,"minecraft:yellow_terracotta":35,"minecraft:mossy_cobblestone":119,"minecraft:sand":82,"minecraft:terracotta":169,"minecraft:vine":874,"minecraft:light_blue_concrete":119,"minecraft:oak_slab":37,"minecraft:red_bed":239,"minecraft:light_gray_terracotta":1,"minecraft:crossbow":7,"extendedslabs:lime_concrete_stairs":90,"minecraft:white_bed":2,"minecraft:light_gray_concrete_powder":1,"minecraft:stone_brick_wall":176,"extendedslabs:lime_concrete_slab":255,"extendedslabs:light_gray_concrete_slab":43,"minecraft:oak_log":38,"minecraft:dead_fire_coral_fan":8,"extendedslabs:black_concrete_stairs":2,"minecraft:lever":2,"minecraft:green_concrete":11,"minecraft:light":91,"minecraft:black_concrete":56,"minecraft:black_wool":13,"extendedslabs:lime_wool_stairs":1,"minecraft:mangrove_pressure_plate":1,"extendedslabs:green_wool_slab":1,"minecraft:dark_oak_log":6,"extendedslabs:oak_wood_stairs":1,"minecraft:light_gray_concrete":510,"minecraft:heavy_weighted_pressure_plate":4,"extendedslabs:blue_wool_stairs":17,"minecraft:oak_button":2,"minecraft:barrier":223,"minecraft:red_terracotta":64,"minecraft:golden_helmet":14,"extendedslabs:lime_concrete_corner":4,"minecraft:jungle_sign":1,"extendedslabs:acacia_wood_slab":6,"minecraft:dead_horn_coral_fan":10,"minecraft:purple_bed":4,"minecraft:crimson_stairs":1,"minecraft:chain_command_block":1,"minecraft:sandstone_slab":279,"minecraft:repeating_command_block":6,"minecraft:mossy_cobblestone_wall":69,"minecraft:end_portal_frame":1,"minecraft:stripped_oak_log":91,"minecraft:white_concrete":552},"minecraft:killed_by":{"minecraft:player":17,"minecraft:ravager":6},"minecraft:dropped":{"minecraft:iron_ingot":1,"minecraft:vine":1,"minecraft:black_dye":1,"minecraft:orange_dye":1,"minecraft:golden_helmet":1,"minecraft:cyan_dye":5,"minecraft:sandstone_stairs":1,"minecraft:sandstone_slab":1,"minecraft:dark_oak_slab":1,"minecraft:saddle":1,"minecraft:coal":2,"minecraft:stick":1,"minecraft:green_dye":2,"minecraft:yellow_dye":1,"minecraft:wooden_axe":1,"extendedslabs:blue_wool_stairs":1,"minecraft:red_dye":2,"minecraft:black_concrete":1,"minecraft:smooth_sandstone":1,"minecraft:gray_dye":1,"minecraft:gold_ingot":1,"minecraft:blue_terracotta":1,"minecraft:pink_terracotta":1,"minecraft:brown_dye":1,"minecraft:stone_sword":1,"minecraft:nether_brick":2,"minecraft:light_gray_terracotta":1,"minecraft:black_carpet":2,"minecraft:pink_dye":2,"minecraft:blue_wool":1,"minecraft:raw_iron":1,"extendedslabs:vertical_spruce_wood_slab":64,"minecraft:green_concrete":1,"minecraft:lime_dye":2,"minecraft:light_gray_carpet":1,"minecraft:light_gray_concrete":1,"minecraft:white_terracotta":1,"minecraft:honey_bottle":1,"minecraft:diamond_sword":2,"minecraft:heavy_weighted_pressure_plate":1,"extendedslabs:light_gray_concrete_stairs":1,"minecraft:honey_block":1,"minecraft:stone_bricks":1,"minecraft:white_dye":2,"minecraft:sandstone":1,"minecraft:magenta_dye":1,"minecraft:written_book":1},"minecraft:picked_up":{"minecraft:wooden_axe":1,"minecraft:black_carpet":10,"minecraft:diamond_sword":2,"minecraft:nether_brick":1,"minecraft:heavy_weighted_pressure_plate":1,"minecraft:armor_stand":8,"minecraft:bucket":4,"minecraft:red_dye":2,"minecraft:written_book":1,"minecraft:golden_helmet":3,"minecraft:stick":82,"minecraft:raw_iron":1,"minecraft:orange_dye":1,"minecraft:gray_dye":1,"minecraft:white_dye":1,"minecraft:brown_dye":1,"minecraft:pink_terracotta":1,"minecraft:stone_pressure_plate":4,"minecraft:black_dye":1,"minecraft:cactus":662,"minecraft:honey_bottle":1,"minecraft:gold_ingot":1,"minecraft:white_terracotta":1,"minecraft:yellow_dye":1,"minecraft:magenta_dye":1,"minecraft:smooth_sandstone":1,"minecraft:wheat_seeds":56,"minecraft:iron_ingot":1,"minecraft:glass_bottle":1,"minecraft:green_dye":2,"minecraft:light_gray_terracotta":1,"minecraft:lime_dye":2,"minecraft:blue_terracotta":1,"minecraft:honey_block":3,"minecraft:golden_apple":1,"minecraft:cyan_dye":3,"minecraft:light_gray_carpet":1,"minecraft:coal":2,"minecraft:pink_dye":2},"minecraft:mined":{"minecraft:honey_block":1,"minecraft:structure_void":1,"minecraft:grass":53}},"DataVersion":3465}