{"stats":{"minecraft:used":{"minecraft:oak_fence":56,"minecraft:netherite_sword":40,"minecraft:iron_bars":54,"minecraft:blue_terracotta":2,"extendedslabs:white_concrete_slab":135,"minecraft:writable_book":7,"minecraft:stone_sword":256,"minecraft:armor_stand":17,"minecraft:dead_bush":14,"minecraft:smooth_quartz_slab":7,"minecraft:redstone_ore":1,"minecraft:red_concrete":76,"minecraft:red_sandstone_slab":6,"minecraft:dead_tube_coral_fan":1,"minecraft:light_blue_terracotta":10,"minecraft:dead_brain_coral":5,"minecraft:ladder":24,"minecraft:black_carpet":55,"framedblocks:framed_stairs":2,"minecraft:spruce_planks":1,"minecraft:white_terracotta":6,"minecraft:stone":138,"minecraft:player_head":56,"minecraft:iron_chestplate":1,"minecraft:torch":23,"minecraft:chiseled_red_sandstone":1,"minecraft:oak_wood":433,"minecraft:nether_bricks":48,"minecraft:orange_glazed_terracotta":7,"minecraft:jungle_planks":70,"minecraft:yellow_carpet":3,"minecraft:carrot":3,"minecraft:light_gray_glazed_terracotta":1,"minecraft:pink_terracotta":1,"minecraft:nether_brick_slab":50,"minecraft:dead_tube_coral":2,"extendedslabs:light_gray_concrete_stairs":732,"minecraft:cyan_wool":1,"minecraft:granite":33,"minecraft:blue_concrete":1,"minecraft:milk_bucket":9,"minecraft:oak_fence_gate":11,"minecraft:polished_diorite":4,"minecraft:honey_bottle":30,"minecraft:dark_oak_planks":15,"extendedslabs:white_concrete_powder_stairs":1,"minecraft:crimson_button":1,"minecraft:polished_blackstone_slab":8,"minecraft:mossy_cobblestone_stairs":9,"minecraft:ravager_spawn_egg":33,"minecraft:wooden_axe":3,"minecraft:honey_block":6,"minecraft:quartz_slab":4,"minecraft:red_wool":3,"minecraft:grass_block":308,"minecraft:oak_stairs":83,"minecraft:smooth_sandstone":1,"minecraft:quartz_block":187,"minecraft:green_wool":6,"minecraft:mossy_cobblestone_slab":5,"minecraft:dark_oak_slab":125,"extendedslabs:birch_wood_slab":1,"minecraft:smooth_quartz":22,"minecraft:dark_oak_button":10,"minecraft:totem_of_undying":1,"extendedslabs:white_concrete_stairs":61,"minecraft:stone_bricks":1,"minecraft:item_frame":4,"minecraft:golden_sword":12,"minecraft:tripwire_hook":1,"minecraft:lime_concrete":28,"minecraft:bow":1,"minecraft:black_stained_glass":7,"minecraft:written_book":27,"minecraft:scaffolding":5,"minecraft:white_stained_glass_pane":1,"minecraft:gold_block":1,"minecraft:crimson_pressure_plate":2,"minecraft:stone_pressure_plate":117,"minecraft:dead_brain_coral_fan":1,"extendedslabs:vertical_lime_concrete_slab":46,"minecraft:dead_bubble_coral_fan":1,"minecraft:iron_leggings":1,"minecraft:pointed_dripstone":440,"minecraft:brown_bed":1,"minecraft:light_blue_carpet":72,"extendedslabs:yellow_concrete_slab":72,"extendedslabs:red_terracotta_stairs":41,"minecraft:dark_oak_stairs":64,"minecraft:water_bucket":5,"minecraft:diorite":30,"minecraft:end_rod":1,"minecraft:damaged_anvil":1,"minecraft:dirt_path":12,"minecraft:sandstone_stairs":175,"minecraft:polished_andesite":6,"minecraft:acacia_trapdoor":2,"minecraft:prismarine":239,"minecraft:jungle_fence":1,"minecraft:oak_planks":227,"minecraft:blue_wool":54,"minecraft:cactus":169,"minecraft:mossy_stone_brick_stairs":6,"minecraft:sandstone":1762,"minecraft:redstone_block":7,"extendedslabs:red_concrete_stairs":23,"minecraft:spruce_fence_gate":5,"minecraft:smooth_quartz_stairs":18,"minecraft:yellow_terracotta":35,"extendedslabs:black_concrete_slab":178,"minecraft:white_wool":56,"minecraft:pink_concrete":113,"minecraft:golden_apple":10,"minecraft:mossy_cobblestone":119,"minecraft:sand":83,"minecraft:terracotta":244,"minecraft:vine":874,"minecraft:light_blue_concrete":119,"minecraft:oak_slab":37,"minecraft:crimson_trapdoor":4,"minecraft:red_bed":288,"minecraft:stone_brick_wall":176,"minecraft:yellow_concrete":38,"minecraft:light_gray_terracotta":1,"extendedslabs:lime_concrete_stairs":100,"minecraft:crossbow":13,"minecraft:white_bed":2,"minecraft:dead_bubble_coral":1,"minecraft:gray_concrete":8,"minecraft:light_gray_concrete_powder":1,"minecraft:chiseled_quartz_block":122,"minecraft:note_block":17,"extendedslabs:lime_concrete_slab":255,"minecraft:painting":37,"extendedslabs:light_gray_concrete_slab":111,"minecraft:redstone_torch":3,"minecraft:oak_log":88,"minecraft:dead_fire_coral_fan":15,"extendedslabs:black_concrete_stairs":21,"minecraft:green_concrete":25,"minecraft:lever":4,"minecraft:dark_prismarine":108,"minecraft:blue_glazed_terracotta":66,"minecraft:light":91,"minecraft:black_wool":15,"minecraft:black_concrete":79,"extendedslabs:lime_wool_stairs":1,"extendedslabs:green_wool_slab":1,"minecraft:mangrove_pressure_plate":1,"minecraft:dark_oak_log":6,"minecraft:dead_fire_coral":2,"extendedslabs:oak_wood_stairs":1,"minecraft:command_block":13,"minecraft:light_gray_concrete":894,"minecraft:heavy_weighted_pressure_plate":4,"extendedslabs:blue_wool_stairs":17,"minecraft:oak_button":2,"minecraft:barrier":404,"minecraft:warped_slab":17,"minecraft:cyan_concrete":101,"minecraft:red_terracotta":64,"minecraft:diamond_ore":5,"minecraft:golden_helmet":15,"minecraft:granite_slab":4,"minecraft:blackstone_slab":2,"minecraft:acacia_fence_gate":9,"extendedslabs:lime_concrete_corner":4,"minecraft:dead_horn_coral":1,"minecraft:jungle_sign":1,"minecraft:diamond_sword":20,"minecraft:smooth_red_sandstone_slab":7,"extendedslabs:acacia_wood_slab":6,"minecraft:cobbled_deepslate_slab":26,"minecraft:purple_bed":4,"minecraft:dead_horn_coral_fan":15,"minecraft:crimson_stairs":2,"minecraft:bucket":5,"minecraft:sandstone_slab":279,"minecraft:chain_command_block":1,"minecraft:repeating_command_block":6,"minecraft:mossy_cobblestone_wall":69,"minecraft:end_portal_frame":1,"minecraft:stripped_oak_log":91,"minecraft:white_concrete":1571,"minecraft:gray_wool":25,"minecraft:purple_wool":4},"minecraft:picked_up":{"minecraft:wooden_axe":1,"minecraft:seagrass":2,"minecraft:black_carpet":10,"minecraft:ladder":3,"minecraft:diamond_sword":2,"minecraft:nether_brick":3,"minecraft:brick":2,"minecraft:heavy_weighted_pressure_plate":1,"minecraft:raw_copper":1,"minecraft:quartz_slab":2,"minecraft:armor_stand":13,"minecraft:oak_sign":1,"minecraft:bucket":7,"minecraft:red_dye":4,"minecraft:written_book":1,"minecraft:player_head":4,"minecraft:golden_helmet":3,"minecraft:stick":83,"minecraft:raw_iron":1,"minecraft:orange_dye":1,"minecraft:torch":6,"minecraft:gray_dye":1,"minecraft:white_dye":1,"minecraft:brown_dye":1,"minecraft:pink_terracotta":1,"minecraft:stone_pressure_plate":5,"minecraft:black_dye":1,"minecraft:honey_bottle":3,"minecraft:stone_sword":3,"minecraft:cactus":665,"minecraft:light_gray_bed":2,"minecraft:gold_ingot":2,"minecraft:white_terracotta":1,"minecraft:repeater":5,"minecraft:yellow_dye":1,"minecraft:magenta_dye":2,"minecraft:lapis_lazuli":1,"minecraft:smooth_sandstone":1,"minecraft:apple":4,"minecraft:bone":1,"minecraft:wheat_seeds":57,"minecraft:iron_ingot":2,"minecraft:glass_bottle":3,"minecraft:cyan_concrete":1,"minecraft:iron_sword":1,"minecraft:green_dye":2,"minecraft:light_gray_terracotta":1,"minecraft:lime_dye":2,"minecraft:blue_terracotta":1,"minecraft:honey_block":3,"minecraft:lever":2,"minecraft:golden_apple":1,"minecraft:white_concrete":1,"minecraft:cyan_dye":3,"minecraft:light_gray_carpet":1,"minecraft:coal":2,"minecraft:pink_dye":3},"minecraft:custom":{"minecraft:open_barrel":2,"minecraft:leave_game":51,"minecraft:time_since_death":3946,"minecraft:climb_one_cm":126661,"minecraft:damage_resisted":194124,"minecraft:sprint_one_cm":4090575,"minecraft:walk_one_cm":3841874,"minecraft:drop":91,"minecraft:damage_dealt_absorbed":280,"minecraft:play_time":4613291,"minecraft:deaths":139,"minecraft:sneak_time":93722,"minecraft:walk_under_water_one_cm":2205,"minecraft:jump":28957,"minecraft:walk_on_water_one_cm":2453,"minecraft:total_world_time":4613291,"minecraft:tune_noteblock":336,"minecraft:sleep_in_bed":13,"minecraft:time_since_rest":3952,"minecraft:damage_taken":33841,"minecraft:damage_absorbed":320,"minecraft:damage_dealt":24700,"minecraft:swim_one_cm":51,"minecraft:fly_one_cm":26602305,"minecraft:player_kills":100,"minecraft:crouch_one_cm":162571,"minecraft:fall_one_cm":633247},"minecraft:dropped":{"minecraft:iron_ingot":2,"minecraft:vine":1,"minecraft:black_dye":1,"minecraft:orange_dye":1,"minecraft:lapis_lazuli":1,"minecraft:golden_helmet":1,"minecraft:glass_bottle":1,"minecraft:cyan_dye":5,"minecraft:sandstone_stairs":1,"minecraft:dark_oak_slab":1,"minecraft:sandstone_slab":1,"minecraft:crossbow":1,"minecraft:apple":3,"minecraft:saddle":1,"minecraft:coal":2,"minecraft:stick":1,"minecraft:yellow_dye":1,"minecraft:green_dye":2,"minecraft:wooden_axe":1,"minecraft:white_concrete":1,"extendedslabs:blue_wool_stairs":1,"minecraft:red_dye":3,"minecraft:black_concrete":1,"minecraft:smooth_sandstone":1,"minecraft:gray_dye":1,"minecraft:gold_ingot":2,"minecraft:armor_stand":4,"minecraft:blue_terracotta":1,"minecraft:pink_terracotta":1,"minecraft:brown_dye":1,"minecraft:player_head":7,"minecraft:stone_sword":2,"minecraft:raw_copper":1,"minecraft:black_carpet":2,"minecraft:light_gray_terracotta":1,"minecraft:nether_brick":4,"minecraft:pink_dye":3,"minecraft:blue_wool":1,"minecraft:raw_iron":1,"extendedslabs:vertical_spruce_wood_slab":64,"minecraft:lime_dye":2,"minecraft:green_concrete":1,"minecraft:light_gray_carpet":1,"minecraft:light_gray_concrete":1,"minecraft:white_terracotta":1,"minecraft:honey_bottle":1,"minecraft:diamond_sword":2,"minecraft:heavy_weighted_pressure_plate":1,"extendedslabs:light_gray_concrete_stairs":1,"minecraft:honey_block":1,"minecraft:stone_pressure_plate":1,"minecraft:stone_bricks":1,"minecraft:white_dye":2,"minecraft:sandstone":1,"minecraft:cyan_concrete":2,"minecraft:magenta_dye":2,"minecraft:written_book":1,"minecraft:brick":2},"minecraft:killed_by":{"minecraft:player":26,"minecraft:ravager":8,"minecraft:zombie":2},"minecraft:mined":{"minecraft:honey_block":1,"minecraft:structure_void":1,"minecraft:wall_torch":6,"minecraft:grass":53}},"DataVersion":3465}