{"stats":{"minecraft:custom":{"minecraft:time_since_death":92729,"minecraft:leave_game":27,"minecraft:climb_one_cm":97928,"minecraft:damage_resisted":140675,"minecraft:sprint_one_cm":2002222,"minecraft:walk_one_cm":1902084,"minecraft:drop":72,"minecraft:damage_dealt_absorbed":280,"minecraft:play_time":2851874,"minecraft:deaths":59,"minecraft:sneak_time":52967,"minecraft:walk_under_water_one_cm":892,"minecraft:jump":18484,"minecraft:walk_on_water_one_cm":2164,"minecraft:total_world_time":2851874,"minecraft:sleep_in_bed":9,"minecraft:time_since_rest":92735,"minecraft:damage_taken":19665,"minecraft:damage_absorbed":320,"minecraft:damage_dealt":16083,"minecraft:fly_one_cm":17079225,"minecraft:player_kills":65,"minecraft:crouch_one_cm":87662,"minecraft:fall_one_cm":382610},"minecraft:used":{"minecraft:oak_fence":19,"minecraft:blue_terracotta":2,"extendedslabs:white_concrete_slab":47,"minecraft:writable_book":7,"minecraft:stone_sword":210,"minecraft:dead_bush":14,"minecraft:armor_stand":1,"minecraft:red_concrete":76,"minecraft:ladder":24,"minecraft:light_blue_terracotta":10,"minecraft:black_carpet":55,"framedblocks:framed_stairs":2,"minecraft:white_terracotta":5,"minecraft:stone":138,"minecraft:player_head":54,"minecraft:carrot":3,"minecraft:oak_wood":404,"minecraft:yellow_carpet":3,"minecraft:pink_terracotta":1,"extendedslabs:light_gray_concrete_stairs":732,"minecraft:blue_concrete":1,"minecraft:oak_fence_gate":11,"minecraft:milk_bucket":8,"minecraft:honey_bottle":18,"minecraft:dark_oak_planks":15,"extendedslabs:white_concrete_powder_stairs":1,"minecraft:mossy_cobblestone_stairs":9,"minecraft:ravager_spawn_egg":33,"minecraft:wooden_axe":3,"minecraft:honey_block":6,"minecraft:grass_block":303,"minecraft:oak_stairs":83,"minecraft:smooth_sandstone":1,"minecraft:quartz_block":186,"minecraft:dark_oak_slab":125,"minecraft:mossy_cobblestone_slab":5,"extendedslabs:birch_wood_slab":1,"minecraft:dark_oak_button":10,"extendedslabs:white_concrete_stairs":61,"minecraft:stone_bricks":1,"minecraft:lime_concrete":4,"minecraft:written_book":27,"minecraft:crimson_pressure_plate":1,"minecraft:stone_pressure_plate":75,"extendedslabs:vertical_lime_concrete_slab":46,"minecraft:pointed_dripstone":440,"minecraft:brown_bed":1,"minecraft:light_blue_carpet":59,"extendedslabs:yellow_concrete_slab":1,"extendedslabs:red_terracotta_stairs":41,"minecraft:dark_oak_stairs":64,"minecraft:dirt_path":1,"minecraft:sandstone_stairs":175,"minecraft:prismarine":222,"minecraft:oak_planks":209,"minecraft:blue_wool":54,"minecraft:cactus":163,"minecraft:sandstone":1600,"minecraft:redstone_block":1,"extendedslabs:red_concrete_stairs":23,"minecraft:spruce_fence_gate":5,"extendedslabs:black_concrete_slab":99,"minecraft:white_wool":42,"minecraft:golden_apple":10,"minecraft:yellow_terracotta":35,"minecraft:mossy_cobblestone":119,"minecraft:sand":82,"minecraft:terracotta":171,"minecraft:vine":874,"minecraft:light_blue_concrete":119,"minecraft:oak_slab":37,"minecraft:red_bed":239,"minecraft:light_gray_terracotta":1,"minecraft:crossbow":7,"extendedslabs:lime_concrete_stairs":90,"minecraft:white_bed":2,"minecraft:light_gray_concrete_powder":1,"minecraft:stone_brick_wall":176,"extendedslabs:lime_concrete_slab":255,"extendedslabs:light_gray_concrete_slab":43,"minecraft:oak_log":38,"minecraft:dead_fire_coral_fan":9,"extendedslabs:black_concrete_stairs":2,"minecraft:lever":4,"minecraft:green_concrete":11,"minecraft:light":91,"minecraft:black_concrete":56,"minecraft:black_wool":13,"extendedslabs:lime_wool_stairs":1,"extendedslabs:green_wool_slab":1,"minecraft:mangrove_pressure_plate":1,"minecraft:dead_fire_coral":1,"minecraft:dark_oak_log":6,"extendedslabs:oak_wood_stairs":1,"minecraft:command_block":2,"minecraft:light_gray_concrete":552,"minecraft:heavy_weighted_pressure_plate":4,"extendedslabs:blue_wool_stairs":17,"minecraft:oak_button":2,"minecraft:barrier":225,"minecraft:cyan_concrete":56,"minecraft:red_terracotta":64,"minecraft:golden_helmet":14,"extendedslabs:lime_concrete_corner":4,"minecraft:jungle_sign":1,"extendedslabs:acacia_wood_slab":6,"minecraft:purple_bed":4,"minecraft:dead_horn_coral_fan":10,"minecraft:crimson_stairs":1,"minecraft:sandstone_slab":279,"minecraft:chain_command_block":1,"minecraft:repeating_command_block":6,"minecraft:mossy_cobblestone_wall":69,"minecraft:end_portal_frame":1,"minecraft:stripped_oak_log":91,"minecraft:white_concrete":552},"minecraft:mined":{"minecraft:honey_block":1,"minecraft:structure_void":1,"minecraft:grass":53},"minecraft:killed_by":{"minecraft:player":18,"minecraft:ravager":6},"minecraft:dropped":{"minecraft:iron_ingot":1,"minecraft:vine":1,"minecraft:black_dye":1,"minecraft:orange_dye":1,"minecraft:golden_helmet":1,"minecraft:cyan_dye":5,"minecraft:sandstone_stairs":1,"minecraft:dark_oak_slab":1,"minecraft:sandstone_slab":1,"minecraft:apple":3,"minecraft:saddle":1,"minecraft:coal":2,"minecraft:stick":1,"minecraft:yellow_dye":1,"minecraft:green_dye":2,"minecraft:wooden_axe":1,"extendedslabs:blue_wool_stairs":1,"minecraft:red_dye":3,"minecraft:black_concrete":1,"minecraft:smooth_sandstone":1,"minecraft:gray_dye":1,"minecraft:gold_ingot":1,"minecraft:blue_terracotta":1,"minecraft:pink_terracotta":1,"minecraft:brown_dye":1,"minecraft:player_head":6,"minecraft:stone_sword":1,"minecraft:black_carpet":2,"minecraft:light_gray_terracotta":1,"minecraft:nether_brick":2,"minecraft:pink_dye":2,"minecraft:blue_wool":1,"minecraft:raw_iron":1,"extendedslabs:vertical_spruce_wood_slab":64,"minecraft:lime_dye":2,"minecraft:green_concrete":1,"minecraft:light_gray_carpet":1,"minecraft:light_gray_concrete":1,"minecraft:white_terracotta":1,"minecraft:honey_bottle":1,"minecraft:diamond_sword":2,"minecraft:heavy_weighted_pressure_plate":1,"minecraft:honey_block":1,"extendedslabs:light_gray_concrete_stairs":1,"minecraft:stone_pressure_plate":1,"minecraft:stone_bricks":1,"minecraft:white_dye":2,"minecraft:sandstone":1,"minecraft:cyan_concrete":2,"minecraft:magenta_dye":1,"minecraft:written_book":1},"minecraft:picked_up":{"minecraft:wooden_axe":1,"minecraft:black_carpet":10,"minecraft:diamond_sword":2,"minecraft:nether_brick":1,"minecraft:heavy_weighted_pressure_plate":1,"minecraft:armor_stand":9,"minecraft:bucket":4,"minecraft:red_dye":4,"minecraft:written_book":1,"minecraft:player_head":3,"minecraft:golden_helmet":3,"minecraft:stick":83,"minecraft:raw_iron":1,"minecraft:orange_dye":1,"minecraft:gray_dye":1,"minecraft:white_dye":1,"minecraft:brown_dye":1,"minecraft:pink_terracotta":1,"minecraft:stone_pressure_plate":5,"minecraft:black_dye":1,"minecraft:cactus":662,"minecraft:honey_bottle":1,"minecraft:gold_ingot":1,"minecraft:white_terracotta":1,"minecraft:yellow_dye":1,"minecraft:magenta_dye":1,"minecraft:smooth_sandstone":1,"minecraft:apple":3,"minecraft:wheat_seeds":56,"minecraft:iron_ingot":1,"minecraft:glass_bottle":1,"minecraft:cyan_concrete":1,"minecraft:green_dye":2,"minecraft:light_gray_terracotta":1,"minecraft:lime_dye":2,"minecraft:blue_terracotta":1,"minecraft:honey_block":3,"minecraft:lever":2,"minecraft:golden_apple":1,"minecraft:cyan_dye":3,"minecraft:light_gray_carpet":1,"minecraft:coal":2,"minecraft:pink_dye":2}},"DataVersion":3465}