{"stats":{"minecraft:custom":{"minecraft:time_since_rest":1635,"minecraft:crouch_one_cm":14342,"minecraft:damage_absorbed":200,"minecraft:sprint_one_cm":365713,"minecraft:play_time":142193,"minecraft:damage_taken":7223,"minecraft:deaths":20,"minecraft:walk_one_cm":166859,"minecraft:sneak_time":5652,"minecraft:walk_under_water_one_cm":1559,"minecraft:drop":3,"minecraft:jump":2507,"minecraft:damage_dealt":3699,"minecraft:leave_game":4,"minecraft:walk_on_water_one_cm":8,"minecraft:time_since_death":1630,"minecraft:sleep_in_bed":1,"minecraft:climb_one_cm":16291,"minecraft:total_world_time":142193,"minecraft:damage_resisted":29466,"minecraft:damage_dealt_absorbed":80,"minecraft:swim_one_cm":2258,"minecraft:fall_one_cm":82613,"minecraft:fly_one_cm":1275739,"minecraft:player_kills":9},"minecraft:used":{"minecraft:golden_apple":5,"minecraft:stone_sword":43},"minecraft:killed_by":{"minecraft:player":14},"minecraft:picked_up":{"minecraft:raw_copper":3,"minecraft:saddle":1},"minecraft:dropped":{"minecraft:raw_copper":3}},"DataVersion":3465}