{"stats":{"minecraft:custom":{"minecraft:time_since_rest":731,"minecraft:crouch_one_cm":15159,"minecraft:damage_absorbed":200,"minecraft:sprint_one_cm":406199,"minecraft:play_time":154193,"minecraft:damage_taken":7733,"minecraft:deaths":22,"minecraft:walk_one_cm":211144,"minecraft:sneak_time":5880,"minecraft:walk_under_water_one_cm":1559,"minecraft:drop":15,"minecraft:jump":2663,"minecraft:damage_dealt":4070,"minecraft:leave_game":4,"minecraft:walk_on_water_one_cm":8,"minecraft:time_since_death":725,"minecraft:sleep_in_bed":1,"minecraft:climb_one_cm":16291,"minecraft:total_world_time":154193,"minecraft:damage_resisted":29466,"minecraft:damage_dealt_absorbed":80,"minecraft:swim_one_cm":2258,"minecraft:fall_one_cm":86246,"minecraft:fly_one_cm":1317948,"minecraft:player_kills":10},"minecraft:used":{"minecraft:golden_apple":5,"minecraft:stone_sword":51,"minecraft:milk_bucket":2,"minecraft:honey_bottle":6},"minecraft:killed_by":{"minecraft:player":16},"minecraft:picked_up":{"minecraft:raw_copper":3,"minecraft:milk_bucket":3,"minecraft:stone_sword":2,"minecraft:honey_bottle":2,"minecraft:saddle":1},"minecraft:dropped":{"minecraft:milk_bucket":3,"minecraft:stone_sword":4,"minecraft:honey_bottle":4,"minecraft:raw_copper":3,"minecraft:bucket":2}},"DataVersion":3465}