{"stats":{"minecraft:custom":{"minecraft:time_since_rest":3316,"minecraft:crouch_one_cm":12224,"minecraft:damage_absorbed":200,"minecraft:sprint_one_cm":340055,"minecraft:play_time":130193,"minecraft:damage_taken":6582,"minecraft:deaths":17,"minecraft:walk_one_cm":156482,"minecraft:sneak_time":4603,"minecraft:walk_under_water_one_cm":1559,"minecraft:drop":3,"minecraft:jump":2419,"minecraft:damage_dealt":3614,"minecraft:leave_game":4,"minecraft:walk_on_water_one_cm":8,"minecraft:time_since_death":3310,"minecraft:sleep_in_bed":1,"minecraft:climb_one_cm":16291,"minecraft:total_world_time":130193,"minecraft:damage_resisted":29466,"minecraft:damage_dealt_absorbed":80,"minecraft:swim_one_cm":2258,"minecraft:fall_one_cm":79798,"minecraft:fly_one_cm":1179430,"minecraft:player_kills":9},"minecraft:used":{"minecraft:golden_apple":5,"minecraft:stone_sword":43},"minecraft:killed_by":{"minecraft:player":12},"minecraft:picked_up":{"minecraft:raw_copper":3,"minecraft:saddle":1},"minecraft:dropped":{"minecraft:raw_copper":3}},"DataVersion":3465}