{"stats":{"minecraft:custom":{"minecraft:jump":1859,"minecraft:damage_dealt":2469,"minecraft:time_since_rest":2039,"minecraft:damage_absorbed":200,"minecraft:damage_taken":5915,"minecraft:leave_game":3,"minecraft:crouch_one_cm":7632,"minecraft:time_since_death":2034,"minecraft:play_time":100426,"minecraft:sprint_one_cm":250936,"minecraft:walk_one_cm":100120,"minecraft:deaths":13,"minecraft:sneak_time":3114,"minecraft:total_world_time":100426,"minecraft:climb_one_cm":16291,"minecraft:damage_resisted":29466,"minecraft:damage_dealt_absorbed":80,"minecraft:fall_one_cm":72649,"minecraft:fly_one_cm":1057463,"minecraft:player_kills":6},"minecraft:used":{"minecraft:stone_sword":43,"minecraft:golden_apple":5},"minecraft:killed_by":{"minecraft:player":11},"minecraft:picked_up":{"minecraft:saddle":1}},"DataVersion":3465}