{"stats":{"minecraft:used":{"minecraft:golden_apple":5,"minecraft:stone_sword":43},"minecraft:killed_by":{"minecraft:player":11},"minecraft:custom":{"minecraft:jump":1843,"minecraft:time_since_rest":92,"minecraft:damage_dealt":2469,"minecraft:damage_taken":5915,"minecraft:damage_absorbed":200,"minecraft:crouch_one_cm":7345,"minecraft:leave_game":3,"minecraft:play_time":98479,"minecraft:sprint_one_cm":247699,"minecraft:time_since_death":87,"minecraft:walk_one_cm":96421,"minecraft:deaths":13,"minecraft:sneak_time":3008,"minecraft:total_world_time":98479,"minecraft:climb_one_cm":16291,"minecraft:damage_resisted":29466,"minecraft:damage_dealt_absorbed":80,"minecraft:fall_one_cm":72440,"minecraft:fly_one_cm":1037765,"minecraft:player_kills":6},"minecraft:picked_up":{"minecraft:saddle":1}},"DataVersion":3465}