{"stats":{"minecraft:custom":{"minecraft:time_since_rest":4341,"minecraft:crouch_one_cm":7846,"minecraft:deaths":15,"minecraft:sprint_one_cm":306238,"minecraft:play_time":113848,"minecraft:walk_one_cm":133807,"minecraft:damage_taken":6302,"minecraft:damage_absorbed":200,"minecraft:sneak_time":3226,"minecraft:walk_under_water_one_cm":1559,"minecraft:drop":3,"minecraft:jump":2175,"minecraft:damage_dealt":3435,"minecraft:leave_game":4,"minecraft:walk_on_water_one_cm":8,"minecraft:time_since_death":4334,"minecraft:climb_one_cm":16291,"minecraft:total_world_time":113848,"minecraft:damage_resisted":29466,"minecraft:damage_dealt_absorbed":80,"minecraft:swim_one_cm":2258,"minecraft:fall_one_cm":73558,"minecraft:fly_one_cm":1116496,"minecraft:player_kills":8},"minecraft:used":{"minecraft:golden_apple":5,"minecraft:stone_sword":43},"minecraft:killed_by":{"minecraft:player":11},"minecraft:picked_up":{"minecraft:raw_copper":3,"minecraft:saddle":1},"minecraft:dropped":{"minecraft:raw_copper":3}},"DataVersion":3465}