{"stats":{"minecraft:custom":{"minecraft:time_since_rest":16926,"minecraft:crouch_one_cm":17028,"minecraft:damage_absorbed":200,"minecraft:sprint_one_cm":554004,"minecraft:play_time":193268,"minecraft:damage_taken":7947,"minecraft:deaths":23,"minecraft:walk_one_cm":274044,"minecraft:sneak_time":6472,"minecraft:walk_under_water_one_cm":1559,"minecraft:drop":15,"minecraft:jump":3629,"minecraft:damage_dealt":4270,"minecraft:leave_game":5,"minecraft:walk_on_water_one_cm":8,"minecraft:time_since_death":16920,"minecraft:sleep_in_bed":1,"minecraft:climb_one_cm":18965,"minecraft:total_world_time":193268,"minecraft:damage_resisted":37123,"minecraft:damage_dealt_absorbed":80,"minecraft:swim_one_cm":2258,"minecraft:fall_one_cm":101887,"minecraft:fly_one_cm":1607782,"minecraft:player_kills":11},"minecraft:used":{"minecraft:golden_apple":5,"minecraft:stone_sword":51,"minecraft:milk_bucket":2,"minecraft:honey_bottle":6},"minecraft:killed_by":{"minecraft:player":17},"minecraft:picked_up":{"minecraft:raw_copper":3,"minecraft:milk_bucket":3,"minecraft:stone_sword":2,"minecraft:honey_bottle":2,"minecraft:saddle":1},"minecraft:dropped":{"minecraft:milk_bucket":3,"minecraft:stone_sword":4,"minecraft:honey_bottle":4,"minecraft:raw_copper":3,"minecraft:bucket":2}},"DataVersion":3465}