{"stats":{"minecraft:custom":{"minecraft:jump":282,"minecraft:time_since_rest":3806,"minecraft:damage_dealt":414,"minecraft:damage_taken":817,"minecraft:crouch_one_cm":85,"minecraft:leave_game":3,"minecraft:play_time":19687,"minecraft:sprint_one_cm":25545,"minecraft:time_since_death":3782,"minecraft:walk_one_cm":22678,"minecraft:deaths":1,"minecraft:sneak_time":105,"minecraft:total_world_time":19687,"minecraft:damage_resisted":273,"minecraft:fall_one_cm":11944,"minecraft:fly_one_cm":70280,"minecraft:player_kills":2}},"DataVersion":3465}