{"stats":{"minecraft:custom":{"minecraft:jump":282,"minecraft:time_since_rest":1923,"minecraft:deaths":1,"minecraft:damage_dealt":414,"minecraft:crouch_one_cm":85,"minecraft:leave_game":2,"minecraft:play_time":17804,"minecraft:sprint_one_cm":25545,"minecraft:damage_taken":817,"minecraft:time_since_death":1899,"minecraft:walk_one_cm":22602,"minecraft:sneak_time":105,"minecraft:total_world_time":17804,"minecraft:damage_resisted":214,"minecraft:fall_one_cm":11944,"minecraft:fly_one_cm":70249,"minecraft:player_kills":2}},"DataVersion":3465}