{"stats":{"minecraft:crafted":{"minecraft:leather_leggings":3},"minecraft:custom":{"minecraft:interact_with_furnace":1,"minecraft:clean_armor":3,"minecraft:leave_game":3,"minecraft:time_since_death":21079,"minecraft:climb_one_cm":11363,"minecraft:damage_resisted":9970,"minecraft:time_since_rest":21084,"minecraft:damage_absorbed":120,"minecraft:sprint_one_cm":270580,"minecraft:damage_taken":9159,"minecraft:walk_one_cm":272897,"minecraft:drop":20,"minecraft:damage_dealt":2520,"minecraft:damage_dealt_absorbed":80,"minecraft:fly_one_cm":1754197,"minecraft:player_kills":3,"minecraft:crouch_one_cm":11018,"minecraft:play_time":239730,"minecraft:deaths":25,"minecraft:sneak_time":7693,"minecraft:boat_one_cm":11943,"minecraft:jump":2002,"minecraft:walk_on_water_one_cm":1190,"minecraft:total_world_time":239730,"minecraft:fall_one_cm":92806,"minecraft:use_cauldron":10},"minecraft:killed_by":{"minecraft:player":18},"minecraft:dropped":{"minecraft:player_head":7,"minecraft:golden_helmet":1,"minecraft:glass_bottle":1,"minecraft:nether_brick":1,"minecraft:red_sandstone":1,"minecraft:white_terracotta":1,"minecraft:dirt_path":1,"minecraft:golden_apple":1,"minecraft:stick":2,"framedblocks:framed_wall":1,"minecraft:wooden_axe":1,"minecraft:red_sand":1,"framedblocks:framed_item_frame":1},"minecraft:used":{"minecraft:light_blue_carpet":86,"extendedslabs:red_terracotta_stairs":2,"minecraft:water_bucket":8,"minecraft:stone_sword":22,"framedblocks:framed_item_frame":30,"minecraft:dirt_path":2,"minecraft:orange_concrete":137,"framedblocks:framed_slab":17,"minecraft:red_concrete":578,"minecraft:armor_stand":1,"minecraft:blue_wool":1,"minecraft:polished_diorite_slab":64,"minecraft:white_concrete_powder":1,"minecraft:brown_concrete":8,"framedblocks:framed_floor_board":8,"minecraft:cauldron":3,"minecraft:spruce_fence_gate":3,"minecraft:player_head":17,"framedblocks:framed_wall":8,"minecraft:golden_apple":3,"minecraft:chainmail_chestplate":1,"extendedslabs:vertical_mangrove_wood_slab":1,"minecraft:yellow_concrete":224,"minecraft:oak_wood":105,"extendedslabs:lime_concrete_slab":9,"minecraft:blue_concrete":1,"framedblocks:framed_horizontal_pane":1,"minecraft:honey_bottle":2,"extendedslabs:oak_wood_slab":54,"minecraft:piston":2,"minecraft:black_terracotta":27,"extendedslabs:black_terracotta_slab":34,"minecraft:lever":1,"minecraft:black_concrete":1,"minecraft:bricks":22,"minecraft:birch_fence_gate":1,"minecraft:light_gray_concrete":4,"extendedslabs:oak_wood_stairs":96,"minecraft:grass_block":7,"minecraft:barrier":1,"minecraft:slime_block":45,"minecraft:quartz_block":312,"minecraft:cyan_concrete":269,"minecraft:red_terracotta":13,"framedblocks:framed_ladder":5,"minecraft:spruce_sapling":94,"minecraft:golden_helmet":1,"minecraft:glowstone":2,"minecraft:lime_concrete":198,"minecraft:potion":10,"extendedslabs:cyan_concrete_slab":71,"minecraft:furnace":2,"minecraft:white_stained_glass":27,"framedblocks:framed_trapdoor":4,"minecraft:bone_meal":293,"minecraft:purple_wool":2,"minecraft:splash_potion":4},"minecraft:picked_up":{"minecraft:wooden_axe":1,"minecraft:nether_brick":1,"minecraft:player_head":10,"minecraft:cyan_concrete":1,"framedblocks:framed_wall":1,"minecraft:stick":2,"framedblocks:framed_item_frame":1,"minecraft:stone_sword":1}},"DataVersion":3465}