{"stats":{"minecraft:dropped":{"minecraft:golden_helmet":1,"minecraft:player_head":1,"minecraft:glass_bottle":1,"minecraft:golden_apple":1,"minecraft:stick":2},"minecraft:crafted":{"minecraft:leather_leggings":3},"minecraft:killed_by":{"minecraft:player":12},"minecraft:picked_up":{"minecraft:stick":2,"minecraft:stone_sword":1,"minecraft:player_head":3,"minecraft:cyan_concrete":1},"minecraft:custom":{"minecraft:time_since_rest":58955,"minecraft:interact_with_furnace":1,"minecraft:sprint_one_cm":116700,"minecraft:walk_one_cm":128189,"minecraft:damage_taken":7245,"minecraft:damage_absorbed":120,"minecraft:drop":6,"minecraft:damage_dealt":1920,"minecraft:damage_dealt_absorbed":80,"minecraft:fly_one_cm":647770,"minecraft:player_kills":2,"minecraft:crouch_one_cm":6250,"minecraft:play_time":111231,"minecraft:deaths":16,"minecraft:sneak_time":3589,"minecraft:clean_armor":3,"minecraft:jump":786,"minecraft:leave_game":2,"minecraft:time_since_death":58949,"minecraft:total_world_time":111231,"minecraft:climb_one_cm":2479,"minecraft:use_cauldron":10,"minecraft:fall_one_cm":62487},"minecraft:used":{"minecraft:light_blue_carpet":1,"minecraft:black_terracotta":2,"minecraft:lever":1,"minecraft:piston":2,"minecraft:black_concrete":1,"minecraft:stone_sword":22,"framedblocks:framed_item_frame":14,"minecraft:orange_concrete":137,"framedblocks:framed_slab":17,"minecraft:red_concrete":240,"minecraft:grass_block":2,"minecraft:armor_stand":1,"minecraft:quartz_block":197,"minecraft:white_concrete_powder":1,"minecraft:cyan_concrete":50,"minecraft:brown_concrete":7,"minecraft:cauldron":3,"minecraft:player_head":9,"minecraft:golden_helmet":1,"framedblocks:framed_wall":7,"minecraft:golden_apple":3,"minecraft:glowstone":2,"minecraft:lime_concrete":64,"minecraft:potion":10,"minecraft:furnace":2,"minecraft:white_stained_glass":9,"minecraft:yellow_concrete":161,"minecraft:oak_wood":6,"minecraft:blue_concrete":1,"framedblocks:framed_trapdoor":4,"minecraft:splash_potion":4,"minecraft:honey_bottle":2,"framedblocks:framed_horizontal_pane":1}},"DataVersion":3465}