{"stats":{"minecraft:dropped":{"minecraft:golden_helmet":1,"minecraft:glass_bottle":1,"minecraft:golden_apple":1,"minecraft:stick":2},"minecraft:killed_by":{"minecraft:player":12},"minecraft:picked_up":{"minecraft:stick":2,"minecraft:stone_sword":1},"minecraft:custom":{"minecraft:time_since_rest":4955,"minecraft:damage_absorbed":120,"minecraft:crouch_one_cm":4155,"minecraft:deaths":16,"minecraft:sprint_one_cm":103234,"minecraft:play_time":57231,"minecraft:damage_taken":7181,"minecraft:walk_one_cm":86292,"minecraft:sneak_time":2364,"minecraft:drop":5,"minecraft:jump":653,"minecraft:damage_dealt":1920,"minecraft:leave_game":2,"minecraft:time_since_death":4949,"minecraft:climb_one_cm":2479,"minecraft:total_world_time":57231,"minecraft:damage_dealt_absorbed":80,"minecraft:fall_one_cm":58729,"minecraft:fly_one_cm":471274,"minecraft:player_kills":2},"minecraft:used":{"minecraft:golden_helmet":1,"minecraft:golden_apple":3,"minecraft:stone_sword":22,"minecraft:honey_bottle":2}},"DataVersion":3465}