{"stats":{"minecraft:dropped":{"framedblocks:framed_wall":1,"minecraft:golden_helmet":1,"minecraft:player_head":6,"minecraft:glass_bottle":1,"minecraft:wooden_axe":1,"framedblocks:framed_item_frame":1,"minecraft:golden_apple":1,"minecraft:stick":2},"minecraft:crafted":{"minecraft:leather_leggings":3},"minecraft:killed_by":{"minecraft:player":12},"minecraft:picked_up":{"minecraft:stick":2,"framedblocks:framed_item_frame":1,"minecraft:stone_sword":1,"minecraft:player_head":8,"framedblocks:framed_wall":1,"minecraft:cyan_concrete":1,"minecraft:wooden_axe":1},"minecraft:custom":{"minecraft:time_since_rest":82955,"minecraft:interact_with_furnace":1,"minecraft:sprint_one_cm":121238,"minecraft:walk_one_cm":150817,"minecraft:damage_taken":7245,"minecraft:damage_absorbed":120,"minecraft:drop":14,"minecraft:damage_dealt":1920,"minecraft:damage_dealt_absorbed":80,"minecraft:fly_one_cm":779711,"minecraft:player_kills":2,"minecraft:crouch_one_cm":6522,"minecraft:play_time":135231,"minecraft:deaths":16,"minecraft:sneak_time":4032,"minecraft:clean_armor":3,"minecraft:jump":883,"minecraft:leave_game":2,"minecraft:time_since_death":82949,"minecraft:total_world_time":135231,"minecraft:climb_one_cm":2479,"minecraft:use_cauldron":10,"minecraft:fall_one_cm":62487},"minecraft:used":{"minecraft:light_blue_carpet":1,"extendedslabs:red_terracotta_stairs":2,"extendedslabs:black_terracotta_slab":6,"minecraft:black_terracotta":10,"minecraft:lever":1,"minecraft:piston":2,"minecraft:black_concrete":1,"minecraft:bricks":22,"minecraft:stone_sword":22,"framedblocks:framed_item_frame":30,"minecraft:birch_fence_gate":1,"minecraft:light_gray_concrete":4,"minecraft:orange_concrete":137,"framedblocks:framed_slab":17,"minecraft:red_concrete":243,"minecraft:grass_block":2,"minecraft:armor_stand":1,"minecraft:barrier":1,"minecraft:blue_wool":1,"minecraft:quartz_block":210,"minecraft:polished_diorite_slab":64,"minecraft:white_concrete_powder":1,"minecraft:cyan_concrete":227,"minecraft:red_terracotta":13,"minecraft:brown_concrete":7,"minecraft:cauldron":3,"minecraft:spruce_fence_gate":3,"minecraft:player_head":14,"minecraft:golden_helmet":1,"framedblocks:framed_wall":8,"minecraft:golden_apple":3,"minecraft:glowstone":2,"minecraft:lime_concrete":64,"minecraft:potion":10,"minecraft:furnace":2,"minecraft:white_stained_glass":27,"extendedslabs:vertical_mangrove_wood_slab":1,"minecraft:yellow_concrete":161,"minecraft:oak_wood":6,"minecraft:purple_wool":2,"minecraft:blue_concrete":1,"framedblocks:framed_trapdoor":4,"minecraft:splash_potion":4,"minecraft:honey_bottle":2,"framedblocks:framed_horizontal_pane":1}},"DataVersion":3465}