{"stats":{"minecraft:dropped":{"minecraft:golden_helmet":1,"minecraft:glass_bottle":1,"minecraft:golden_apple":1,"minecraft:stick":2},"minecraft:killed_by":{"minecraft:player":12},"minecraft:picked_up":{"minecraft:stick":2,"minecraft:stone_sword":1},"minecraft:custom":{"minecraft:time_since_rest":16955,"minecraft:damage_absorbed":120,"minecraft:crouch_one_cm":4155,"minecraft:deaths":16,"minecraft:sprint_one_cm":112505,"minecraft:play_time":69231,"minecraft:damage_taken":7245,"minecraft:walk_one_cm":91340,"minecraft:sneak_time":2468,"minecraft:drop":5,"minecraft:jump":705,"minecraft:damage_dealt":1920,"minecraft:leave_game":2,"minecraft:time_since_death":16949,"minecraft:climb_one_cm":2479,"minecraft:total_world_time":69231,"minecraft:damage_dealt_absorbed":80,"minecraft:fall_one_cm":62487,"minecraft:fly_one_cm":515675,"minecraft:player_kills":2},"minecraft:used":{"minecraft:golden_helmet":1,"minecraft:golden_apple":3,"minecraft:stone_sword":22,"minecraft:lime_concrete":1,"minecraft:red_concrete":74,"minecraft:yellow_concrete":4,"minecraft:quartz_block":58,"minecraft:oak_wood":6,"framedblocks:framed_trapdoor":4,"framedblocks:framed_horizontal_pane":1,"minecraft:honey_bottle":2}},"DataVersion":3465}