{"stats":{"minecraft:dropped":{"minecraft:golden_helmet":1,"minecraft:player_head":1,"minecraft:glass_bottle":1,"minecraft:golden_apple":1,"minecraft:stick":2},"minecraft:killed_by":{"minecraft:player":12},"minecraft:picked_up":{"minecraft:stick":2,"minecraft:stone_sword":1,"minecraft:player_head":3},"minecraft:custom":{"minecraft:time_since_rest":40955,"minecraft:sprint_one_cm":114085,"minecraft:walk_one_cm":114478,"minecraft:damage_taken":7245,"minecraft:damage_absorbed":120,"minecraft:drop":6,"minecraft:damage_dealt":1920,"minecraft:damage_dealt_absorbed":80,"minecraft:fly_one_cm":574223,"minecraft:player_kills":2,"minecraft:crouch_one_cm":5852,"minecraft:play_time":93231,"minecraft:deaths":16,"minecraft:sneak_time":3265,"minecraft:jump":738,"minecraft:leave_game":2,"minecraft:time_since_death":40949,"minecraft:total_world_time":93231,"minecraft:climb_one_cm":2479,"minecraft:fall_one_cm":62487},"minecraft:used":{"minecraft:black_terracotta":2,"minecraft:lever":1,"minecraft:piston":2,"minecraft:stone_sword":22,"minecraft:orange_concrete":135,"framedblocks:framed_slab":17,"minecraft:red_concrete":146,"minecraft:grass_block":1,"minecraft:armor_stand":1,"minecraft:quartz_block":132,"minecraft:player_head":8,"minecraft:golden_helmet":1,"framedblocks:framed_wall":6,"minecraft:golden_apple":3,"minecraft:glowstone":2,"minecraft:lime_concrete":1,"minecraft:white_stained_glass":9,"minecraft:yellow_concrete":108,"minecraft:oak_wood":6,"framedblocks:framed_trapdoor":4,"minecraft:splash_potion":4,"minecraft:honey_bottle":2,"framedblocks:framed_horizontal_pane":1}},"DataVersion":3465}