{"stats":{"minecraft:custom":{"minecraft:time_since_rest":790,"minecraft:deaths":16,"minecraft:crouch_one_cm":3475,"minecraft:sprint_one_cm":99100,"minecraft:play_time":53066,"minecraft:walk_one_cm":77734,"minecraft:damage_taken":7081,"minecraft:damage_absorbed":120,"minecraft:sneak_time":2249,"minecraft:drop":3,"minecraft:jump":630,"minecraft:damage_dealt":1880,"minecraft:leave_game":2,"minecraft:time_since_death":784,"minecraft:climb_one_cm":2479,"minecraft:total_world_time":53066,"minecraft:damage_dealt_absorbed":80,"minecraft:fall_one_cm":57133,"minecraft:fly_one_cm":458194,"minecraft:player_kills":2},"minecraft:picked_up":{"minecraft:stick":1,"minecraft:stone_sword":1},"minecraft:killed_by":{"minecraft:player":12},"minecraft:dropped":{"minecraft:golden_helmet":1,"minecraft:glass_bottle":1,"minecraft:golden_apple":1},"minecraft:used":{"minecraft:golden_helmet":1,"minecraft:golden_apple":3,"minecraft:stone_sword":22,"minecraft:honey_bottle":2}},"DataVersion":3465}