{"stats":{"minecraft:dropped":{"minecraft:player_head":1,"minecraft:golden_helmet":1,"minecraft:glass_bottle":1,"minecraft:golden_apple":1,"minecraft:stick":2},"minecraft:killed_by":{"minecraft:player":12},"minecraft:picked_up":{"minecraft:stick":2,"minecraft:stone_sword":1,"minecraft:player_head":3},"minecraft:custom":{"minecraft:time_since_rest":28955,"minecraft:damage_absorbed":120,"minecraft:crouch_one_cm":5710,"minecraft:deaths":16,"minecraft:sprint_one_cm":113385,"minecraft:play_time":81231,"minecraft:damage_taken":7245,"minecraft:walk_one_cm":103349,"minecraft:sneak_time":3161,"minecraft:drop":6,"minecraft:jump":720,"minecraft:damage_dealt":1920,"minecraft:leave_game":2,"minecraft:time_since_death":28949,"minecraft:climb_one_cm":2479,"minecraft:total_world_time":81231,"minecraft:damage_dealt_absorbed":80,"minecraft:fall_one_cm":62487,"minecraft:fly_one_cm":546204,"minecraft:player_kills":2},"minecraft:used":{"minecraft:black_terracotta":2,"framedblocks:framed_wall":2,"minecraft:golden_helmet":1,"minecraft:golden_apple":3,"minecraft:glowstone":2,"minecraft:stone_sword":22,"minecraft:lime_concrete":1,"minecraft:grass_block":1,"minecraft:red_concrete":146,"minecraft:white_stained_glass":9,"minecraft:yellow_concrete":106,"minecraft:quartz_block":130,"minecraft:oak_wood":6,"framedblocks:framed_trapdoor":4,"framedblocks:framed_horizontal_pane":1,"minecraft:honey_bottle":2,"minecraft:player_head":7}},"DataVersion":3465}