{"stats":{"minecraft:killed_by":{"minecraft:player":1},"minecraft:custom":{"minecraft:jump":301,"minecraft:time_since_rest":9302,"minecraft:damage_dealt":35,"minecraft:damage_taken":130,"minecraft:crouch_one_cm":778,"minecraft:leave_game":2,"minecraft:play_time":17451,"minecraft:sprint_one_cm":25757,"minecraft:time_since_death":9296,"minecraft:walk_one_cm":29887,"minecraft:deaths":2,"minecraft:sneak_time":198,"minecraft:total_world_time":17451,"minecraft:damage_resisted":40963,"minecraft:fall_one_cm":33358,"minecraft:fly_one_cm":87275}},"DataVersion":3465}