{"stats":{"minecraft:custom":{"minecraft:jump":468,"minecraft:damage_dealt":21,"minecraft:time_since_rest":1781,"minecraft:damage_taken":547,"minecraft:leave_game":3,"minecraft:play_time":21024,"minecraft:crouch_one_cm":323,"minecraft:time_since_death":1774,"minecraft:walk_one_cm":27607,"minecraft:sprint_one_cm":31105,"minecraft:deaths":4,"minecraft:walk_on_water_one_cm":334,"minecraft:sleep_in_bed":5,"minecraft:sneak_time":380,"minecraft:total_world_time":21024,"minecraft:fall_one_cm":8484,"minecraft:drop":2,"minecraft:fly_one_cm":175030},"minecraft:killed_by":{"minecraft:player":2},"minecraft:picked_up":{"minecraft:potato":2},"minecraft:dropped":{"minecraft:potato":2}},"DataVersion":3465}