{"stats":{"minecraft:custom":{"minecraft:jump":200,"minecraft:time_since_rest":2069,"minecraft:damage_dealt":14,"minecraft:damage_taken":266,"minecraft:leave_game":2,"minecraft:crouch_one_cm":66,"minecraft:time_since_death":2061,"minecraft:play_time":9104,"minecraft:sprint_one_cm":12140,"minecraft:walk_one_cm":9795,"minecraft:walk_on_water_one_cm":334,"minecraft:deaths":2,"minecraft:sneak_time":97,"minecraft:total_world_time":9104,"minecraft:fall_one_cm":6812,"minecraft:fly_one_cm":54555},"minecraft:killed_by":{"minecraft:player":1}},"DataVersion":3465}