{"stats":{"minecraft:custom":{"minecraft:jump":305,"minecraft:time_since_rest":2196,"minecraft:damage_dealt":14,"minecraft:damage_taken":266,"minecraft:leave_game":3,"minecraft:crouch_one_cm":127,"minecraft:time_since_death":2182,"minecraft:play_time":14016,"minecraft:sprint_one_cm":19232,"minecraft:walk_one_cm":15512,"minecraft:walk_on_water_one_cm":334,"minecraft:deaths":3,"minecraft:sneak_time":131,"minecraft:total_world_time":14016,"minecraft:drop":2,"minecraft:fall_one_cm":7648,"minecraft:fly_one_cm":87287},"minecraft:killed_by":{"minecraft:player":1},"minecraft:picked_up":{"minecraft:potato":2},"minecraft:dropped":{"minecraft:potato":2}},"DataVersion":3465}