{"stats":{"minecraft:picked_up":{"minecraft:potato":2},"minecraft:dropped":{"minecraft:potato":2},"minecraft:custom":{"minecraft:jump":470,"minecraft:damage_dealt":21,"minecraft:time_since_rest":868,"minecraft:damage_taken":847,"minecraft:leave_game":3,"minecraft:time_since_death":839,"minecraft:crouch_one_cm":323,"minecraft:play_time":22046,"minecraft:walk_one_cm":27790,"minecraft:sprint_one_cm":31455,"minecraft:deaths":5,"minecraft:walk_on_water_one_cm":334,"minecraft:sleep_in_bed":5,"minecraft:sneak_time":380,"minecraft:total_world_time":22046,"minecraft:fall_one_cm":11696,"minecraft:drop":2,"minecraft:fly_one_cm":181371},"minecraft:killed_by":{"minecraft:player":2}},"DataVersion":3465}