{"stats":{"minecraft:used":{"extendedslabs:vertical_end_stone_slab":5,"minecraft:dead_fire_coral_fan":5,"minecraft:stone_brick_slab":2,"extendedslabs:black_concrete_stairs":76,"extendedslabs:white_concrete_slab":16,"minecraft:black_concrete":204,"minecraft:black_wool":10,"minecraft:light_gray_concrete":407,"minecraft:grass_block":107,"extendedslabs:blue_wool_stairs":181,"minecraft:barrier":5,"minecraft:quartz_block":983,"minecraft:blue_wool":46,"minecraft:black_carpet":23,"minecraft:cyan_concrete":41,"minecraft:stone":66,"extendedslabs:white_concrete_stairs":20,"minecraft:stone_brick_stairs":8,"minecraft:stone_bricks":66,"extendedslabs:black_concrete_slab":423,"minecraft:golden_apple":4,"extendedslabs:green_wool_stairs":15,"minecraft:lime_concrete":9,"minecraft:potion":6,"minecraft:vine":6,"minecraft:dead_horn_coral_fan":6,"extendedslabs:vertical_stone_brick_slab":70,"extendedslabs:lime_concrete_stairs":39,"extendedslabs:stone_brick_corner":15,"minecraft:white_bed":49,"extendedslabs:light_gray_concrete_stairs":99,"minecraft:white_concrete":70,"minecraft:lingering_potion":6,"extendedslabs:light_gray_concrete_slab":50,"minecraft:milk_bucket":89,"minecraft:honey_bottle":12},"minecraft:custom":{"minecraft:time_since_rest":99873,"minecraft:sprint_one_cm":206016,"minecraft:damage_absorbed":40,"minecraft:damage_taken":1130,"minecraft:walk_one_cm":247225,"minecraft:drop":3,"minecraft:fly_one_cm":1670806,"minecraft:crouch_one_cm":13118,"minecraft:play_time":487538,"minecraft:deaths":6,"minecraft:sneak_time":9506,"minecraft:jump":663,"minecraft:leave_game":16,"minecraft:time_since_death":99867,"minecraft:total_world_time":487538,"minecraft:fall_one_cm":20041},"minecraft:picked_up":{"minecraft:white_bed":28,"minecraft:glass_bottle":1},"minecraft:dropped":{"minecraft:brown_dye":1,"minecraft:glass_bottle":1,"extendedslabs:blue_wool_stairs":1}},"DataVersion":3465}