{"stats":{"minecraft:used":{"extendedslabs:vertical_end_stone_slab":5,"minecraft:dead_fire_coral_fan":5,"minecraft:stone_brick_slab":2,"extendedslabs:black_concrete_stairs":76,"extendedslabs:white_concrete_slab":16,"minecraft:black_concrete":204,"minecraft:black_wool":10,"minecraft:light_gray_concrete":325,"extendedslabs:blue_wool_stairs":181,"minecraft:barrier":5,"minecraft:quartz_block":983,"minecraft:blue_wool":46,"minecraft:black_carpet":23,"extendedslabs:white_concrete_stairs":20,"minecraft:stone_brick_stairs":8,"minecraft:stone_bricks":66,"extendedslabs:black_concrete_slab":423,"minecraft:golden_apple":4,"extendedslabs:green_wool_stairs":15,"minecraft:lime_concrete":9,"minecraft:potion":6,"minecraft:vine":6,"minecraft:dead_horn_coral_fan":6,"extendedslabs:vertical_stone_brick_slab":70,"extendedslabs:lime_concrete_stairs":39,"extendedslabs:stone_brick_corner":15,"minecraft:white_bed":49,"extendedslabs:light_gray_concrete_stairs":99,"minecraft:white_concrete":44,"minecraft:lingering_potion":6,"extendedslabs:light_gray_concrete_slab":50,"minecraft:milk_bucket":89,"minecraft:honey_bottle":12},"minecraft:custom":{"minecraft:time_since_rest":50060,"minecraft:sprint_one_cm":186632,"minecraft:damage_absorbed":40,"minecraft:damage_taken":1130,"minecraft:walk_one_cm":212674,"minecraft:drop":2,"minecraft:fly_one_cm":1334643,"minecraft:crouch_one_cm":12226,"minecraft:play_time":437725,"minecraft:deaths":6,"minecraft:sneak_time":8505,"minecraft:jump":582,"minecraft:leave_game":15,"minecraft:time_since_death":50054,"minecraft:total_world_time":437725,"minecraft:fall_one_cm":20041},"minecraft:picked_up":{"minecraft:white_bed":28,"minecraft:glass_bottle":1},"minecraft:dropped":{"minecraft:glass_bottle":1,"extendedslabs:blue_wool_stairs":1}},"DataVersion":3465}