{"stats":{"minecraft:dropped":{"minecraft:bucket":2},"minecraft:killed_by":{"minecraft:player":6},"minecraft:custom":{"minecraft:time_since_rest":21,"minecraft:crouch_one_cm":7998,"minecraft:sprint_one_cm":265911,"minecraft:play_time":74336,"minecraft:deaths":12,"minecraft:damage_taken":3552,"minecraft:walk_one_cm":169782,"minecraft:sneak_time":2230,"minecraft:drop":2,"minecraft:jump":2253,"minecraft:damage_dealt":807,"minecraft:leave_game":1,"minecraft:time_since_death":9,"minecraft:sleep_in_bed":3,"minecraft:climb_one_cm":22899,"minecraft:total_world_time":74336,"minecraft:damage_resisted":20232,"minecraft:fly_one_cm":900021,"minecraft:fall_one_cm":103170,"minecraft:player_kills":1},"minecraft:used":{"minecraft:stone_sword":16,"minecraft:milk_bucket":2,"minecraft:honey_bottle":4}},"DataVersion":3465}