{"stats":{"minecraft:used":{"minecraft:stone_sword":16,"minecraft:milk_bucket":2,"minecraft:honey_bottle":4},"minecraft:custom":{"minecraft:time_since_rest":596,"minecraft:crouch_one_cm":14182,"minecraft:sprint_one_cm":287800,"minecraft:play_time":85962,"minecraft:deaths":13,"minecraft:damage_taken":3592,"minecraft:walk_one_cm":200849,"minecraft:sneak_time":3581,"minecraft:drop":2,"minecraft:jump":2482,"minecraft:damage_dealt":807,"minecraft:leave_game":1,"minecraft:time_since_death":589,"minecraft:sleep_in_bed":7,"minecraft:climb_one_cm":23457,"minecraft:total_world_time":85962,"minecraft:damage_resisted":20232,"minecraft:fly_one_cm":983319,"minecraft:fall_one_cm":116968,"minecraft:player_kills":1},"minecraft:killed_by":{"minecraft:player":6},"minecraft:dropped":{"minecraft:bucket":2}},"DataVersion":3465}