{"stats":{"minecraft:used":{"minecraft:stone_sword":16,"minecraft:milk_bucket":2,"minecraft:honey_bottle":4},"minecraft:custom":{"minecraft:time_since_rest":712,"minecraft:crouch_one_cm":17573,"minecraft:sprint_one_cm":313444,"minecraft:play_time":97962,"minecraft:deaths":17,"minecraft:damage_taken":4724,"minecraft:walk_one_cm":227289,"minecraft:sneak_time":5010,"minecraft:drop":2,"minecraft:jump":2809,"minecraft:damage_dealt":834,"minecraft:leave_game":1,"minecraft:time_since_death":705,"minecraft:sleep_in_bed":7,"minecraft:climb_one_cm":23457,"minecraft:total_world_time":97962,"minecraft:damage_resisted":23386,"minecraft:fly_one_cm":1132360,"minecraft:fall_one_cm":135407,"minecraft:player_kills":1},"minecraft:killed_by":{"minecraft:player":7},"minecraft:dropped":{"minecraft:bucket":2}},"DataVersion":3465}