{"stats":{"minecraft:dropped":{"minecraft:bucket":2},"minecraft:killed_by":{"minecraft:player":5},"minecraft:custom":{"minecraft:time_since_rest":3520,"minecraft:crouch_one_cm":2656,"minecraft:sprint_one_cm":233653,"minecraft:play_time":62336,"minecraft:deaths":9,"minecraft:damage_taken":2348,"minecraft:walk_one_cm":122602,"minecraft:sneak_time":1134,"minecraft:drop":2,"minecraft:jump":1936,"minecraft:damage_dealt":797,"minecraft:leave_game":1,"minecraft:time_since_death":3515,"minecraft:sleep_in_bed":3,"minecraft:climb_one_cm":22787,"minecraft:total_world_time":62336,"minecraft:damage_resisted":20232,"minecraft:fly_one_cm":828598,"minecraft:fall_one_cm":88015,"minecraft:player_kills":1},"minecraft:used":{"minecraft:stone_sword":16,"minecraft:milk_bucket":2,"minecraft:honey_bottle":4}},"DataVersion":3465}