{"stats":{"minecraft:custom":{"minecraft:jump":1018,"minecraft:time_since_rest":36527,"minecraft:damage_dealt":0,"minecraft:crouch_one_cm":653,"minecraft:damage_taken":420,"minecraft:play_time":59811,"minecraft:sprint_one_cm":103780,"minecraft:time_since_death":36519,"minecraft:walk_one_cm":65692,"minecraft:deaths":2,"minecraft:sneak_time":372,"minecraft:climb_one_cm":13235,"minecraft:total_world_time":59811,"minecraft:damage_resisted":7869,"minecraft:fall_one_cm":29752,"minecraft:fly_one_cm":524673}},"DataVersion":3465}