{"stats":{"minecraft:dropped":{"minecraft:iron_chestplate":2,"minecraft:bone":1},"minecraft:mined":{"minecraft:quartz_slab":2},"minecraft:killed_by":{"minecraft:player":17},"minecraft:picked_up":{"minecraft:iron_chestplate":2,"minecraft:crossbow":1},"minecraft:custom":{"minecraft:time_since_rest":782,"minecraft:sprint_one_cm":495419,"minecraft:damage_taken":7663,"minecraft:walk_one_cm":345186,"minecraft:drop":3,"minecraft:damage_dealt":1654,"minecraft:fly_one_cm":2069391,"minecraft:player_kills":5,"minecraft:open_barrel":3,"minecraft:open_chest":5,"minecraft:crouch_one_cm":12727,"minecraft:play_time":233637,"minecraft:deaths":92,"minecraft:sneak_time":5265,"minecraft:jump":4892,"minecraft:leave_game":5,"minecraft:time_since_death":776,"minecraft:sleep_in_bed":3,"minecraft:total_world_time":233637,"minecraft:climb_one_cm":36455,"minecraft:damage_resisted":39954,"minecraft:fall_one_cm":142914},"minecraft:used":{"minecraft:turtle_spawn_egg":2,"minecraft:oak_log":24,"extendedslabs:white_concrete_slab":13,"minecraft:black_concrete":1,"minecraft:lava_bucket":8,"minecraft:stone_sword":31,"minecraft:dirt_path":4,"minecraft:grass_block":2,"minecraft:oak_button":1,"framedblocks:framed_large_inner_corner_slope_panel":2,"minecraft:acacia_fence_gate":7,"minecraft:golden_helmet":1,"minecraft:iron_chestplate":1,"minecraft:dirt":6,"extendedslabs:light_gray_terracotta_stairs":2,"minecraft:red_bed":7,"minecraft:netherite_pickaxe":8,"minecraft:birch_log":2,"minecraft:crossbow":3,"minecraft:white_concrete":18,"minecraft:honey_bottle":4}},"DataVersion":3465}