{"stats":{"minecraft:dropped":{"minecraft:iron_chestplate":2,"minecraft:bone":1},"minecraft:mined":{"minecraft:quartz_slab":2},"minecraft:killed_by":{"minecraft:player":2},"minecraft:picked_up":{"minecraft:iron_chestplate":2,"minecraft:crossbow":1},"minecraft:custom":{"minecraft:time_since_rest":11002,"minecraft:crouch_one_cm":7268,"minecraft:sprint_one_cm":155155,"minecraft:play_time":116774,"minecraft:deaths":72,"minecraft:damage_taken":2323,"minecraft:walk_one_cm":119713,"minecraft:sneak_time":3433,"minecraft:drop":3,"minecraft:jump":1798,"minecraft:damage_dealt":163,"minecraft:leave_game":3,"minecraft:time_since_death":10996,"minecraft:sleep_in_bed":3,"minecraft:climb_one_cm":13614,"minecraft:total_world_time":116774,"minecraft:damage_resisted":7869,"minecraft:fall_one_cm":64104,"minecraft:fly_one_cm":986425},"minecraft:used":{"minecraft:turtle_spawn_egg":2,"minecraft:oak_log":24,"minecraft:acacia_fence_gate":7,"minecraft:iron_chestplate":1,"extendedslabs:white_concrete_slab":13,"minecraft:black_concrete":1,"minecraft:lava_bucket":8,"minecraft:dirt":6,"minecraft:dirt_path":4,"extendedslabs:light_gray_terracotta_stairs":2,"minecraft:red_bed":7,"minecraft:grass_block":2,"minecraft:oak_button":1,"minecraft:birch_log":2,"minecraft:netherite_pickaxe":2,"minecraft:crossbow":3,"framedblocks:framed_large_inner_corner_slope_panel":2,"minecraft:white_concrete":18}},"DataVersion":3465}