{"stats":{"minecraft:dropped":{"minecraft:iron_chestplate":2,"minecraft:bone":1},"minecraft:mined":{"minecraft:quartz_slab":2},"minecraft:killed_by":{"minecraft:player":11},"minecraft:picked_up":{"minecraft:iron_chestplate":2,"minecraft:crossbow":1},"minecraft:custom":{"minecraft:time_since_rest":23308,"minecraft:crouch_one_cm":10473,"minecraft:sprint_one_cm":345794,"minecraft:play_time":192965,"minecraft:deaths":82,"minecraft:damage_taken":5338,"minecraft:walk_one_cm":227290,"minecraft:sneak_time":4426,"minecraft:drop":3,"minecraft:jump":3687,"minecraft:damage_dealt":530,"minecraft:leave_game":4,"minecraft:time_since_death":23302,"minecraft:sleep_in_bed":3,"minecraft:climb_one_cm":35577,"minecraft:total_world_time":192965,"minecraft:damage_resisted":18183,"minecraft:fall_one_cm":109632,"minecraft:fly_one_cm":1680947},"minecraft:used":{"minecraft:golden_helmet":1,"minecraft:turtle_spawn_egg":2,"minecraft:oak_log":24,"minecraft:acacia_fence_gate":7,"minecraft:iron_chestplate":1,"extendedslabs:white_concrete_slab":13,"minecraft:black_concrete":1,"minecraft:lava_bucket":8,"minecraft:dirt":6,"minecraft:dirt_path":4,"extendedslabs:light_gray_terracotta_stairs":2,"minecraft:red_bed":7,"minecraft:grass_block":2,"minecraft:oak_button":1,"minecraft:birch_log":2,"minecraft:netherite_pickaxe":8,"minecraft:crossbow":3,"framedblocks:framed_large_inner_corner_slope_panel":2,"minecraft:white_concrete":18}},"DataVersion":3465}