{"stats":{"minecraft:used":{"minecraft:turtle_spawn_egg":2,"minecraft:acacia_fence_gate":7,"minecraft:iron_chestplate":1,"extendedslabs:white_concrete_slab":13,"minecraft:black_concrete":1,"minecraft:lava_bucket":8,"extendedslabs:light_gray_terracotta_stairs":2,"minecraft:red_bed":7,"framedblocks:framed_large_inner_corner_slope_panel":2,"minecraft:white_concrete":18},"minecraft:picked_up":{"minecraft:iron_chestplate":2},"minecraft:dropped":{"minecraft:iron_chestplate":2},"minecraft:custom":{"minecraft:time_since_rest":11220,"minecraft:crouch_one_cm":3136,"minecraft:sprint_one_cm":116925,"minecraft:play_time":81079,"minecraft:deaths":3,"minecraft:damage_taken":510,"minecraft:walk_one_cm":86480,"minecraft:sneak_time":1682,"minecraft:drop":2,"minecraft:jump":1355,"minecraft:damage_dealt":0,"minecraft:time_since_death":11215,"minecraft:sleep_in_bed":3,"minecraft:climb_one_cm":13235,"minecraft:total_world_time":81079,"minecraft:damage_resisted":7869,"minecraft:fall_one_cm":30019,"minecraft:fly_one_cm":697808}},"DataVersion":3465}