{"stats":{"minecraft:custom":{"minecraft:jump":523,"minecraft:time_since_rest":24527,"minecraft:damage_dealt":0,"minecraft:crouch_one_cm":423,"minecraft:damage_taken":420,"minecraft:play_time":47811,"minecraft:sprint_one_cm":61591,"minecraft:time_since_death":24519,"minecraft:walk_one_cm":58132,"minecraft:deaths":2,"minecraft:sneak_time":324,"minecraft:climb_one_cm":4693,"minecraft:total_world_time":47811,"minecraft:damage_resisted":4340,"minecraft:fall_one_cm":17202,"minecraft:fly_one_cm":305177}},"DataVersion":3465}