{"stats":{"minecraft:dropped":{"minecraft:iron_chestplate":2,"minecraft:bone":1},"minecraft:mined":{"minecraft:quartz_slab":2},"minecraft:killed_by":{"minecraft:player":5},"minecraft:picked_up":{"minecraft:iron_chestplate":2,"minecraft:crossbow":1},"minecraft:custom":{"minecraft:time_since_rest":36,"minecraft:crouch_one_cm":9089,"minecraft:sprint_one_cm":261000,"minecraft:play_time":155976,"minecraft:deaths":76,"minecraft:damage_taken":3105,"minecraft:walk_one_cm":192018,"minecraft:sneak_time":4013,"minecraft:drop":3,"minecraft:jump":2925,"minecraft:damage_dealt":163,"minecraft:leave_game":3,"minecraft:time_since_death":30,"minecraft:sleep_in_bed":3,"minecraft:climb_one_cm":27686,"minecraft:total_world_time":155976,"minecraft:damage_resisted":14002,"minecraft:fall_one_cm":85229,"minecraft:fly_one_cm":1375834},"minecraft:used":{"minecraft:golden_helmet":1,"minecraft:turtle_spawn_egg":2,"minecraft:oak_log":24,"minecraft:acacia_fence_gate":7,"minecraft:iron_chestplate":1,"extendedslabs:white_concrete_slab":13,"minecraft:black_concrete":1,"minecraft:lava_bucket":8,"minecraft:dirt":6,"minecraft:dirt_path":4,"extendedslabs:light_gray_terracotta_stairs":2,"minecraft:red_bed":7,"minecraft:grass_block":2,"minecraft:oak_button":1,"minecraft:birch_log":2,"minecraft:netherite_pickaxe":6,"minecraft:crossbow":3,"framedblocks:framed_large_inner_corner_slope_panel":2,"minecraft:white_concrete":18}},"DataVersion":3465}