{"stats":{"minecraft:used":{"minecraft:turtle_spawn_egg":2,"minecraft:oak_log":24,"minecraft:acacia_fence_gate":7,"minecraft:iron_chestplate":1,"extendedslabs:white_concrete_slab":13,"minecraft:black_concrete":1,"minecraft:lava_bucket":8,"minecraft:dirt":6,"minecraft:dirt_path":4,"extendedslabs:light_gray_terracotta_stairs":2,"minecraft:red_bed":7,"minecraft:grass_block":2,"minecraft:oak_button":1,"minecraft:birch_log":2,"minecraft:crossbow":3,"framedblocks:framed_large_inner_corner_slope_panel":2,"minecraft:white_concrete":18},"minecraft:picked_up":{"minecraft:iron_chestplate":2,"minecraft:crossbow":1},"minecraft:dropped":{"minecraft:iron_chestplate":2,"minecraft:bone":1},"minecraft:custom":{"minecraft:time_since_rest":11739,"minecraft:crouch_one_cm":5457,"minecraft:sprint_one_cm":125231,"minecraft:play_time":93079,"minecraft:deaths":4,"minecraft:damage_taken":857,"minecraft:walk_one_cm":102208,"minecraft:sneak_time":2756,"minecraft:drop":3,"minecraft:jump":1476,"minecraft:damage_dealt":135,"minecraft:time_since_death":11734,"minecraft:sleep_in_bed":3,"minecraft:climb_one_cm":13235,"minecraft:total_world_time":93079,"minecraft:damage_resisted":7869,"minecraft:fall_one_cm":30230,"minecraft:fly_one_cm":841803},"minecraft:killed_by":{"minecraft:player":1}},"DataVersion":3465}