{"stats":{"minecraft:used":{"minecraft:turtle_spawn_egg":2,"minecraft:oak_log":24,"minecraft:acacia_fence_gate":7,"minecraft:iron_chestplate":1,"extendedslabs:white_concrete_slab":13,"minecraft:black_concrete":1,"minecraft:lava_bucket":8,"minecraft:dirt":6,"minecraft:dirt_path":4,"extendedslabs:light_gray_terracotta_stairs":2,"minecraft:red_bed":7,"minecraft:grass_block":2,"minecraft:oak_button":1,"minecraft:netherite_pickaxe":2,"minecraft:birch_log":2,"minecraft:crossbow":3,"framedblocks:framed_large_inner_corner_slope_panel":2,"minecraft:white_concrete":18},"minecraft:picked_up":{"minecraft:iron_chestplate":2,"minecraft:crossbow":1},"minecraft:dropped":{"minecraft:iron_chestplate":2,"minecraft:bone":1},"minecraft:custom":{"minecraft:time_since_rest":4943,"minecraft:crouch_one_cm":7182,"minecraft:sprint_one_cm":150612,"minecraft:play_time":110715,"minecraft:deaths":72,"minecraft:damage_taken":2323,"minecraft:walk_one_cm":117030,"minecraft:sneak_time":3414,"minecraft:drop":3,"minecraft:jump":1768,"minecraft:damage_dealt":163,"minecraft:leave_game":1,"minecraft:time_since_death":4937,"minecraft:sleep_in_bed":3,"minecraft:climb_one_cm":13235,"minecraft:total_world_time":110715,"minecraft:damage_resisted":7869,"minecraft:fall_one_cm":62967,"minecraft:fly_one_cm":981315},"minecraft:killed_by":{"minecraft:player":2},"minecraft:mined":{"minecraft:quartz_slab":2}},"DataVersion":3465}