{"stats":{"minecraft:used":{"minecraft:turtle_spawn_egg":1,"extendedslabs:white_concrete_slab":2,"minecraft:black_concrete":1,"extendedslabs:light_gray_terracotta_stairs":2,"minecraft:red_bed":7,"framedblocks:framed_large_inner_corner_slope_panel":2,"minecraft:white_concrete":1},"minecraft:picked_up":{"minecraft:iron_chestplate":2},"minecraft:dropped":{"minecraft:iron_chestplate":2},"minecraft:custom":{"minecraft:time_since_rest":4729,"minecraft:crouch_one_cm":2052,"minecraft:sprint_one_cm":110975,"minecraft:play_time":69079,"minecraft:deaths":2,"minecraft:damage_taken":420,"minecraft:walk_one_cm":71052,"minecraft:sneak_time":1009,"minecraft:drop":2,"minecraft:jump":1279,"minecraft:damage_dealt":0,"minecraft:time_since_death":45787,"minecraft:sleep_in_bed":3,"minecraft:climb_one_cm":13235,"minecraft:total_world_time":69079,"minecraft:damage_resisted":7869,"minecraft:fall_one_cm":30019,"minecraft:fly_one_cm":571457}},"DataVersion":3465}