{"stats":{"minecraft:used":{"minecraft:turtle_spawn_egg":2,"minecraft:oak_log":24,"extendedslabs:white_concrete_slab":13,"minecraft:black_concrete":1,"minecraft:lava_bucket":8,"minecraft:stone_sword":31,"minecraft:dirt_path":4,"minecraft:grass_block":2,"minecraft:oak_button":1,"framedblocks:framed_large_inner_corner_slope_panel":2,"minecraft:golden_helmet":1,"minecraft:acacia_fence_gate":7,"minecraft:iron_chestplate":1,"minecraft:dirt":6,"extendedslabs:light_gray_terracotta_stairs":2,"minecraft:red_bed":7,"minecraft:netherite_pickaxe":8,"minecraft:birch_log":2,"minecraft:crossbow":3,"minecraft:white_concrete":18,"minecraft:honey_bottle":4},"minecraft:picked_up":{"minecraft:iron_chestplate":2,"minecraft:stone_sword":1,"minecraft:crossbow":1},"minecraft:dropped":{"minecraft:stone_sword":1,"minecraft:iron_chestplate":2,"minecraft:bone":1},"minecraft:custom":{"minecraft:time_since_rest":13452,"minecraft:sprint_one_cm":510945,"minecraft:damage_taken":7663,"minecraft:walk_one_cm":378920,"minecraft:drop":4,"minecraft:damage_dealt":1654,"minecraft:fly_one_cm":2105890,"minecraft:player_kills":5,"minecraft:open_barrel":3,"minecraft:open_chest":5,"minecraft:crouch_one_cm":13305,"minecraft:play_time":246307,"minecraft:deaths":92,"minecraft:sneak_time":5501,"minecraft:jump":5020,"minecraft:leave_game":5,"minecraft:time_since_death":13446,"minecraft:sleep_in_bed":3,"minecraft:total_world_time":246307,"minecraft:climb_one_cm":36455,"minecraft:damage_resisted":40260,"minecraft:fall_one_cm":145213},"minecraft:killed_by":{"minecraft:player":17},"minecraft:mined":{"minecraft:quartz_slab":2}},"DataVersion":3465}