{"stats":{"minecraft:dropped":{"minecraft:iron_chestplate":2,"minecraft:bone":1},"minecraft:mined":{"minecraft:quartz_slab":2},"minecraft:killed_by":{"minecraft:player":12},"minecraft:picked_up":{"minecraft:iron_chestplate":2,"minecraft:crossbow":1},"minecraft:custom":{"minecraft:time_since_rest":2913,"minecraft:crouch_one_cm":11356,"minecraft:sprint_one_cm":382520,"minecraft:play_time":204965,"minecraft:deaths":83,"minecraft:damage_taken":5684,"minecraft:walk_one_cm":238247,"minecraft:sneak_time":4782,"minecraft:drop":3,"minecraft:jump":4168,"minecraft:damage_dealt":546,"minecraft:leave_game":4,"minecraft:time_since_death":2907,"minecraft:sleep_in_bed":3,"minecraft:climb_one_cm":35577,"minecraft:total_world_time":204965,"minecraft:damage_resisted":39954,"minecraft:fall_one_cm":119486,"minecraft:fly_one_cm":1826046,"minecraft:open_barrel":2,"minecraft:open_chest":5},"minecraft:used":{"minecraft:golden_helmet":1,"minecraft:turtle_spawn_egg":2,"minecraft:oak_log":24,"minecraft:acacia_fence_gate":7,"minecraft:iron_chestplate":1,"extendedslabs:white_concrete_slab":13,"minecraft:black_concrete":1,"minecraft:lava_bucket":8,"minecraft:dirt":6,"minecraft:dirt_path":4,"extendedslabs:light_gray_terracotta_stairs":2,"minecraft:red_bed":7,"minecraft:grass_block":2,"minecraft:oak_button":1,"minecraft:birch_log":2,"minecraft:netherite_pickaxe":8,"minecraft:crossbow":3,"framedblocks:framed_large_inner_corner_slope_panel":2,"minecraft:white_concrete":18}},"DataVersion":3465}