{"stats":{"minecraft:killed_by":{"minecraft:player":4},"minecraft:custom":{"minecraft:jump":3007,"minecraft:time_since_rest":32295,"minecraft:damage_dealt":1995,"minecraft:damage_taken":3088,"minecraft:damage_absorbed":40,"minecraft:crouch_one_cm":5244,"minecraft:leave_game":3,"minecraft:play_time":117615,"minecraft:sprint_one_cm":288268,"minecraft:time_since_death":32289,"minecraft:walk_one_cm":169649,"minecraft:deaths":9,"minecraft:sleep_in_bed":1,"minecraft:sneak_time":1654,"minecraft:total_world_time":117615,"minecraft:climb_one_cm":32779,"minecraft:damage_resisted":1008160,"minecraft:fall_one_cm":102256,"minecraft:fly_one_cm":1115278,"minecraft:player_kills":6},"minecraft:used":{"minecraft:golden_apple":1,"minecraft:stone_sword":33}},"DataVersion":3465}