{"stats":{"minecraft:custom":{"minecraft:time_since_rest":9888,"minecraft:crouch_one_cm":20895,"minecraft:deaths":44,"minecraft:sprint_one_cm":484922,"minecraft:play_time":249357,"minecraft:damage_taken":12313,"minecraft:walk_one_cm":383541,"minecraft:sneak_time":15547,"minecraft:drop":19,"minecraft:jump":4878,"minecraft:damage_dealt":1005,"minecraft:leave_game":5,"minecraft:time_since_death":9869,"minecraft:sleep_in_bed":2,"minecraft:climb_one_cm":28708,"minecraft:total_world_time":249357,"minecraft:damage_resisted":53896,"minecraft:fall_one_cm":197166,"minecraft:fly_one_cm":1517735,"minecraft:player_kills":1},"minecraft:used":{"minecraft:stone_sword":21,"minecraft:milk_bucket":6,"minecraft:honey_bottle":12},"minecraft:killed_by":{"minecraft:ravager":11,"minecraft:player":19},"minecraft:picked_up":{"minecraft:stone_sword":4,"minecraft:honey_bottle":1,"minecraft:potato":1,"minecraft:bucket":7},"minecraft:dropped":{"minecraft:potato":1,"minecraft:stone_sword":5,"minecraft:honey_bottle":1,"minecraft:glass_bottle":1,"minecraft:bucket":11}},"DataVersion":3465}