{"stats":{"minecraft:custom":{"minecraft:time_since_rest":4003,"minecraft:crouch_one_cm":16733,"minecraft:deaths":34,"minecraft:sprint_one_cm":356775,"minecraft:play_time":183357,"minecraft:damage_taken":9795,"minecraft:walk_one_cm":303715,"minecraft:sneak_time":6192,"minecraft:drop":10,"minecraft:jump":4283,"minecraft:damage_dealt":975,"minecraft:leave_game":5,"minecraft:time_since_death":3977,"minecraft:sleep_in_bed":1,"minecraft:climb_one_cm":28708,"minecraft:total_world_time":183357,"minecraft:damage_resisted":53842,"minecraft:fall_one_cm":161885,"minecraft:fly_one_cm":1243482,"minecraft:player_kills":1},"minecraft:used":{"minecraft:stone_sword":21,"minecraft:milk_bucket":4,"minecraft:honey_bottle":8},"minecraft:killed_by":{"minecraft:ravager":11,"minecraft:player":14},"minecraft:picked_up":{"minecraft:stone_sword":1,"minecraft:bucket":6},"minecraft:dropped":{"minecraft:stone_sword":2,"minecraft:bucket":8}},"DataVersion":3465}