{"stats":{"minecraft:used":{"minecraft:stone_sword":21,"minecraft:milk_bucket":6,"minecraft:honey_bottle":12},"minecraft:picked_up":{"minecraft:stone_sword":4,"minecraft:honey_bottle":1,"minecraft:bucket":7,"minecraft:potato":1},"minecraft:dropped":{"minecraft:potato":1,"minecraft:stone_sword":5,"minecraft:honey_bottle":1,"minecraft:glass_bottle":1,"minecraft:bucket":11},"minecraft:custom":{"minecraft:time_since_rest":6309,"minecraft:damage_taken":12877,"minecraft:crouch_one_cm":21805,"minecraft:play_time":286426,"minecraft:sprint_one_cm":557635,"minecraft:deaths":46,"minecraft:walk_one_cm":455629,"minecraft:sneak_time":17852,"minecraft:drop":19,"minecraft:jump":5662,"minecraft:damage_dealt":1015,"minecraft:leave_game":6,"minecraft:time_since_death":6299,"minecraft:sleep_in_bed":2,"minecraft:total_world_time":286426,"minecraft:climb_one_cm":32569,"minecraft:damage_resisted":108067,"minecraft:fall_one_cm":208992,"minecraft:fly_one_cm":1752594,"minecraft:player_kills":1},"minecraft:killed_by":{"minecraft:ravager":11,"minecraft:player":21}},"DataVersion":3465}