{"stats":{"minecraft:custom":{"minecraft:time_since_rest":111,"minecraft:crouch_one_cm":16732,"minecraft:deaths":32,"minecraft:sprint_one_cm":348362,"minecraft:play_time":176593,"minecraft:damage_taken":9188,"minecraft:walk_one_cm":296443,"minecraft:sneak_time":6119,"minecraft:drop":10,"minecraft:jump":4214,"minecraft:damage_dealt":968,"minecraft:leave_game":5,"minecraft:time_since_death":0,"minecraft:sleep_in_bed":1,"minecraft:climb_one_cm":28708,"minecraft:total_world_time":176593,"minecraft:damage_resisted":53842,"minecraft:fall_one_cm":160726,"minecraft:fly_one_cm":1228763,"minecraft:player_kills":1},"minecraft:used":{"minecraft:stone_sword":21,"minecraft:milk_bucket":4,"minecraft:honey_bottle":8},"minecraft:killed_by":{"minecraft:ravager":11,"minecraft:player":12},"minecraft:picked_up":{"minecraft:stone_sword":1,"minecraft:bucket":6},"minecraft:dropped":{"minecraft:stone_sword":2,"minecraft:bucket":8}},"DataVersion":3465}