{"stats":{"minecraft:custom":{"minecraft:time_since_rest":3434,"minecraft:crouch_one_cm":19245,"minecraft:deaths":39,"minecraft:sprint_one_cm":398211,"minecraft:play_time":213357,"minecraft:damage_taken":11124,"minecraft:walk_one_cm":344058,"minecraft:sneak_time":14086,"minecraft:drop":11,"minecraft:jump":4505,"minecraft:damage_dealt":1005,"minecraft:leave_game":5,"minecraft:time_since_death":3423,"minecraft:sleep_in_bed":2,"minecraft:climb_one_cm":28708,"minecraft:total_world_time":213357,"minecraft:damage_resisted":53842,"minecraft:fall_one_cm":170503,"minecraft:fly_one_cm":1328618,"minecraft:player_kills":1},"minecraft:used":{"minecraft:stone_sword":21,"minecraft:milk_bucket":4,"minecraft:honey_bottle":8},"minecraft:killed_by":{"minecraft:ravager":11,"minecraft:player":17},"minecraft:picked_up":{"minecraft:stone_sword":1,"minecraft:potato":1,"minecraft:bucket":6},"minecraft:dropped":{"minecraft:potato":1,"minecraft:stone_sword":2,"minecraft:bucket":8}},"DataVersion":3465}