{"stats":{"minecraft:used":{"minecraft:stone_sword":21,"minecraft:milk_bucket":6,"minecraft:honey_bottle":12},"minecraft:picked_up":{"minecraft:stone_sword":4,"minecraft:honey_bottle":1,"minecraft:bucket":7,"minecraft:potato":1},"minecraft:dropped":{"minecraft:potato":1,"minecraft:stone_sword":5,"minecraft:honey_bottle":1,"minecraft:glass_bottle":1,"minecraft:bucket":11},"minecraft:custom":{"minecraft:time_since_rest":620,"minecraft:damage_taken":12877,"minecraft:crouch_one_cm":21805,"minecraft:play_time":292426,"minecraft:sprint_one_cm":568921,"minecraft:deaths":47,"minecraft:walk_one_cm":461886,"minecraft:sneak_time":17852,"minecraft:drop":19,"minecraft:jump":5968,"minecraft:damage_dealt":1019,"minecraft:leave_game":6,"minecraft:time_since_death":610,"minecraft:sleep_in_bed":2,"minecraft:total_world_time":292426,"minecraft:climb_one_cm":34116,"minecraft:damage_resisted":108706,"minecraft:fall_one_cm":213776,"minecraft:fly_one_cm":1838199,"minecraft:player_kills":1},"minecraft:killed_by":{"minecraft:ravager":11,"minecraft:player":21}},"DataVersion":3465}