{"stats":{"minecraft:custom":{"minecraft:time_since_rest":9107,"minecraft:crouch_one_cm":16501,"minecraft:deaths":29,"minecraft:sprint_one_cm":191267,"minecraft:play_time":139196,"minecraft:damage_taken":8063,"minecraft:walk_one_cm":258163,"minecraft:sneak_time":6094,"minecraft:drop":10,"minecraft:jump":3632,"minecraft:damage_dealt":968,"minecraft:leave_game":3,"minecraft:time_since_death":9100,"minecraft:sleep_in_bed":1,"minecraft:climb_one_cm":24992,"minecraft:total_world_time":139196,"minecraft:damage_resisted":18995,"minecraft:fall_one_cm":144498,"minecraft:fly_one_cm":1061359,"minecraft:player_kills":1},"minecraft:dropped":{"minecraft:stone_sword":2,"minecraft:bucket":8},"minecraft:killed_by":{"minecraft:ravager":11,"minecraft:player":10},"minecraft:used":{"minecraft:stone_sword":21,"minecraft:milk_bucket":4,"minecraft:honey_bottle":8},"minecraft:picked_up":{"minecraft:stone_sword":1,"minecraft:bucket":6}},"DataVersion":3465}