{"stats":{"minecraft:custom":{"minecraft:time_since_rest":24189,"minecraft:crouch_one_cm":20895,"minecraft:deaths":44,"minecraft:sprint_one_cm":529887,"minecraft:play_time":263658,"minecraft:damage_taken":12313,"minecraft:walk_one_cm":412116,"minecraft:sneak_time":15632,"minecraft:drop":19,"minecraft:jump":5253,"minecraft:damage_dealt":1005,"minecraft:leave_game":6,"minecraft:time_since_death":24170,"minecraft:sleep_in_bed":2,"minecraft:climb_one_cm":32569,"minecraft:total_world_time":263658,"minecraft:damage_resisted":60936,"minecraft:fall_one_cm":208561,"minecraft:fly_one_cm":1628546,"minecraft:player_kills":1},"minecraft:used":{"minecraft:stone_sword":21,"minecraft:milk_bucket":6,"minecraft:honey_bottle":12},"minecraft:killed_by":{"minecraft:ravager":11,"minecraft:player":19},"minecraft:picked_up":{"minecraft:stone_sword":4,"minecraft:honey_bottle":1,"minecraft:potato":1,"minecraft:bucket":7},"minecraft:dropped":{"minecraft:potato":1,"minecraft:stone_sword":5,"minecraft:honey_bottle":1,"minecraft:glass_bottle":1,"minecraft:bucket":11}},"DataVersion":3465}