{"stats":{"minecraft:custom":{"minecraft:time_since_rest":1377,"minecraft:crouch_one_cm":18286,"minecraft:deaths":38,"minecraft:sprint_one_cm":380870,"minecraft:play_time":201357,"minecraft:damage_taken":10618,"minecraft:walk_one_cm":328075,"minecraft:sneak_time":8462,"minecraft:drop":11,"minecraft:jump":4439,"minecraft:damage_dealt":1005,"minecraft:leave_game":5,"minecraft:time_since_death":1357,"minecraft:sleep_in_bed":2,"minecraft:climb_one_cm":28708,"minecraft:total_world_time":201357,"minecraft:damage_resisted":53842,"minecraft:fall_one_cm":165900,"minecraft:fly_one_cm":1310563,"minecraft:player_kills":1},"minecraft:used":{"minecraft:stone_sword":21,"minecraft:milk_bucket":4,"minecraft:honey_bottle":8},"minecraft:killed_by":{"minecraft:ravager":11,"minecraft:player":16},"minecraft:picked_up":{"minecraft:stone_sword":1,"minecraft:potato":1,"minecraft:bucket":6},"minecraft:dropped":{"minecraft:potato":1,"minecraft:stone_sword":2,"minecraft:bucket":8}},"DataVersion":3465}