{"stats":{"minecraft:custom":{"minecraft:time_since_rest":998,"minecraft:crouch_one_cm":19703,"minecraft:deaths":43,"minecraft:sprint_one_cm":418869,"minecraft:play_time":225357,"minecraft:damage_taken":12313,"minecraft:walk_one_cm":361000,"minecraft:sneak_time":14965,"minecraft:drop":19,"minecraft:jump":4641,"minecraft:damage_dealt":1005,"minecraft:leave_game":5,"minecraft:time_since_death":987,"minecraft:sleep_in_bed":2,"minecraft:climb_one_cm":28708,"minecraft:total_world_time":225357,"minecraft:damage_resisted":53842,"minecraft:fall_one_cm":190758,"minecraft:fly_one_cm":1373308,"minecraft:player_kills":1},"minecraft:used":{"minecraft:stone_sword":21,"minecraft:milk_bucket":6,"minecraft:honey_bottle":12},"minecraft:killed_by":{"minecraft:ravager":11,"minecraft:player":19},"minecraft:picked_up":{"minecraft:stone_sword":4,"minecraft:honey_bottle":1,"minecraft:potato":1,"minecraft:bucket":7},"minecraft:dropped":{"minecraft:potato":1,"minecraft:stone_sword":5,"minecraft:honey_bottle":1,"minecraft:glass_bottle":1,"minecraft:bucket":11}},"DataVersion":3465}