{"stats":{"minecraft:custom":{"minecraft:time_since_rest":4546,"minecraft:crouch_one_cm":16501,"minecraft:deaths":30,"minecraft:sprint_one_cm":320456,"minecraft:play_time":160702,"minecraft:damage_taken":8308,"minecraft:walk_one_cm":271788,"minecraft:sneak_time":6101,"minecraft:drop":10,"minecraft:jump":3713,"minecraft:damage_dealt":968,"minecraft:leave_game":4,"minecraft:time_since_death":4513,"minecraft:sleep_in_bed":1,"minecraft:climb_one_cm":24992,"minecraft:total_world_time":160702,"minecraft:damage_resisted":47632,"minecraft:fall_one_cm":144498,"minecraft:fly_one_cm":1088046,"minecraft:player_kills":1},"minecraft:used":{"minecraft:stone_sword":21,"minecraft:milk_bucket":4,"minecraft:honey_bottle":8},"minecraft:killed_by":{"minecraft:ravager":11,"minecraft:player":11},"minecraft:picked_up":{"minecraft:stone_sword":1,"minecraft:bucket":6},"minecraft:dropped":{"minecraft:stone_sword":2,"minecraft:bucket":8}},"DataVersion":3465}