{
  "__COMMENT1": "To apply this configuration to all newly generated worlds",
  "__COMMENT2": "please place this configuration file into your config directory",
  "__COMMENT3": "with the following name: cpm-server-default.json",
  "player_scaling": {
    "4f7ec677-ed91-4181-8d7a-c3b94b8a20cc": {
      "motion": 1.0,
      "stepHeight": 1.0,
      "flight": 1.0,
      "reach": 1.0,
      "asp": 1.0,
      "akb": 1.0,
      "attack": 1.0,
      "defense": 1.0,
      "health": 1.0,
      "mob_vis": 1.0,
      "kbr": 1.0
    },
    "062c7b71-7064-3bca-9d3b-a97fb50c2c5b": {},
    "410f33d3-d26b-3e4d-b240-32e0043b0543": {},
    "0e74253a-c079-3b08-a952-1834845b424a": {},
    "daaea42c-cc77-37dd-be87-e4da5f2f1830": {},
    "2a79b0c0-3bfa-390c-bd8b-99dbc10f613c": {},
    "0dd6a784-1d66-3d8f-ab15-e4dec3072d0f": {},
    "e72995cf-6125-31e3-9627-4eaf86b0abf0": {},
    "f64693fa-0cbc-3d0d-92d5-61ed241f95cd": {},
    "54ec2356-4df6-34d9-bf06-af9a97e929e1": {},
    "3850787a-c3d6-3d53-86f6-7ed92292ea32": {},
    "b6bcd632-db45-3de9-829a-69c578d28396": {}
  },
  "skins": {
    "c89dc6e8-a26e-3825-9de2-88e83440ef63": {},
    "0e74253a-c079-3b08-a952-1834845b424a": {
      "forced": false,
      "model": "UwsBAAQjInA6YmM4OTgyM2UxMTIzNGI3YjgzYTFiY2Q1OWIxOWU2MDMAAAmL"
    },
    "0dd6a784-1d66-3d8f-ab15-e4dec3072d0f": {
      "forced": false,
      "model": "UwsBAAQjInA6YmM4OTgyM2UxMTIzNGI3YjgzYTFiY2Q1OWIxOWU2MDMAAAmL"
    },
    "54ec2356-4df6-34d9-bf06-af9a97e929e1": {
      "forced": false,
      "model": "UwsBAAQjInA6YmM4OTgyM2UxMTIzNGI3YjgzYTFiY2Q1OWIxOWU2MDMAAAmL"
    },
    "f64693fa-0cbc-3d0d-92d5-61ed241f95cd": {
      "forced": false,
      "model": "UwsBAAQjInA6YmM4OTgyM2UxMTIzNGI3YjgzYTFiY2Q1OWIxOWU2MDMAAAmL"
    },
    "3850787a-c3d6-3d53-86f6-7ed92292ea32": {
      "forced": false,
      "model": "UwsBAAQjInA6YmM4OTgyM2UxMTIzNGI3YjgzYTFiY2Q1OWIxOWU2MDMAAAmL"
    },
    "b6bcd632-db45-3de9-829a-69c578d28396": {
      "forced": false,
      "model": "UwsBAAQjInA6YmM4OTgyM2UxMTIzNGI3YjgzYTFiY2Q1OWIxOWU2MDMAAAmL"
    },
    "062c7b71-7064-3bca-9d3b-a97fb50c2c5b": {
      "forced": false,
      "model": "UwsBAAQjInA6YmM4OTgyM2UxMTIzNGI3YjgzYTFiY2Q1OWIxOWU2MDMAAAmL"
    }
  },
  "player_scaling_settings": {},
  "scaling_settings": {
    "motion": {},
    "mob_visibility": {},
    "defense": {},
    "attack_knockback": {},
    "flight_speed": {},
    "step_height": {},
    "knockback_resist": {},
    "reach": {},
    "health": {},
    "attack_speed": {},
    "attack_dmg": {}
  }
}