{
  "minecraft:recipes/decorations/crafting_table": {
    "criteria": {
      "unlock_right_away": "2024-08-29 01:15:12 +0000"
    },
    "done": true
  },
  "minecraft:adventure/adventuring_time": {
    "criteria": {
      "minecraft:frozen_river": "2024-09-01 03:52:31 +0000",
      "minecraft:badlands": "2024-09-26 23:50:59 +0000",
      "minecraft:savanna_plateau": "2024-09-27 00:42:50 +0000",
      "minecraft:beach": "2024-09-24 00:20:31 +0000",
      "minecraft:river": "2024-09-24 00:20:22 +0000",
      "minecraft:snowy_plains": "2024-08-29 01:15:13 +0000",
      "minecraft:forest": "2024-09-27 01:05:17 +0000",
      "minecraft:frozen_ocean": "2024-09-01 03:54:23 +0000",
      "minecraft:desert": "2024-09-26 23:50:50 +0000",
      "minecraft:snowy_beach": "2024-08-29 01:30:23 +0000",
      "minecraft:savanna": "2024-09-27 00:29:38 +0000",
      "minecraft:plains": "2024-09-23 23:47:47 +0000"
    },
    "done": false
  },
  "minecraft:recipes/misc/sugar_from_honey_bottle": {
    "criteria": {
      "has_honey_bottle": "2024-08-29 01:20:58 +0000"
    },
    "done": true
  },
  "minecraft:recipes/redstone/honey_block": {
    "criteria": {
      "has_honey_bottle": "2024-08-29 01:20:58 +0000"
    },
    "done": true
  },
  "minecraft:adventure/root": {
    "criteria": {
      "killed_by_something": "2024-08-29 01:21:22 +0000"
    },
    "done": true
  },
  "minecraft:recipes/misc/gold_nugget_from_smelting": {
    "criteria": {
      "has_golden_helmet": "2024-08-29 01:22:44 +0000"
    },
    "done": true
  },
  "minecraft:recipes/misc/gold_nugget_from_blasting": {
    "criteria": {
      "has_golden_helmet": "2024-08-29 01:22:44 +0000"
    },
    "done": true
  },
  "minecraft:husbandry/root": {
    "criteria": {
      "consumed_item": "2024-08-29 01:30:43 +0000"
    },
    "done": true
  },
  "minecraft:husbandry/balanced_diet": {
    "criteria": {
      "honey_bottle": "2024-08-29 01:30:43 +0000",
      "golden_apple": "2024-08-29 01:32:33 +0000"
    },
    "done": false
  },
  "minecraft:recipes/decorations/ladder": {
    "criteria": {
      "has_stick": "2024-09-01 03:54:29 +0000"
    },
    "done": true
  },
  "minecraft:recipes/tools/wooden_axe": {
    "criteria": {
      "has_stick": "2024-09-01 03:54:29 +0000"
    },
    "done": true
  },
  "minecraft:recipes/decorations/campfire": {
    "criteria": {
      "has_stick": "2024-09-01 03:54:29 +0000"
    },
    "done": true
  },
  "minecraft:recipes/tools/wooden_hoe": {
    "criteria": {
      "has_stick": "2024-09-01 03:54:29 +0000"
    },
    "done": true
  },
  "minecraft:recipes/tools/wooden_pickaxe": {
    "criteria": {
      "has_stick": "2024-09-01 03:54:29 +0000"
    },
    "done": true
  },
  "minecraft:recipes/tools/wooden_shovel": {
    "criteria": {
      "has_stick": "2024-09-01 03:54:29 +0000"
    },
    "done": true
  },
  "minecraft:recipes/combat/wooden_sword": {
    "criteria": {
      "has_stick": "2024-09-01 03:54:29 +0000"
    },
    "done": true
  },
  "extendedslabs:recipes/building_blocks/oak_wood_stairs": {
    "criteria": {
      "has_item": "2024-09-23 23:48:40 +0000"
    },
    "done": true
  },
  "extendedslabs:recipes/building_blocks/oak_wood_slab": {
    "criteria": {
      "has_item": "2024-09-23 23:48:40 +0000"
    },
    "done": true
  },
  "extendedslabs:recipes/building_blocks/vertical_oak_wood_slab": {
    "criteria": {
      "has_item": "2024-09-23 23:48:40 +0000"
    },
    "done": true
  },
  "minecraft:recipes/misc/charcoal": {
    "criteria": {
      "has_log": "2024-09-23 23:48:40 +0000"
    },
    "done": true
  },
  "minecraft:recipes/building_blocks/oak_planks": {
    "criteria": {
      "has_logs": "2024-09-23 23:48:40 +0000"
    },
    "done": true
  },
  "extendedslabs:recipes/building_blocks/vertical_yellow_concrete_slab": {
    "criteria": {
      "has_item": "2024-09-23 23:49:32 +0000"
    },
    "done": true
  },
  "extendedslabs:recipes/building_blocks/yellow_concrete_slab": {
    "criteria": {
      "has_item": "2024-09-23 23:49:32 +0000"
    },
    "done": true
  },
  "extendedslabs:recipes/building_blocks/yellow_concrete_stairs": {
    "criteria": {
      "has_item": "2024-09-23 23:49:32 +0000"
    },
    "done": true
  },
  "extendedslabs:recipes/building_blocks/vertical_orange_concrete_slab": {
    "criteria": {
      "has_item": "2024-09-23 23:49:33 +0000"
    },
    "done": true
  },
  "extendedslabs:recipes/building_blocks/orange_concrete_stairs": {
    "criteria": {
      "has_item": "2024-09-23 23:49:33 +0000"
    },
    "done": true
  },
  "extendedslabs:recipes/building_blocks/orange_concrete_slab": {
    "criteria": {
      "has_item": "2024-09-23 23:49:33 +0000"
    },
    "done": true
  },
  "extendedslabs:recipes/building_blocks/red_concrete_slab": {
    "criteria": {
      "has_item": "2024-09-23 23:49:34 +0000"
    },
    "done": true
  },
  "extendedslabs:recipes/building_blocks/red_concrete_stairs": {
    "criteria": {
      "has_item": "2024-09-23 23:49:34 +0000"
    },
    "done": true
  },
  "extendedslabs:recipes/building_blocks/vertical_red_concrete_slab": {
    "criteria": {
      "has_item": "2024-09-23 23:49:34 +0000"
    },
    "done": true
  },
  "extendedslabs:recipes/building_blocks/lime_concrete_slab": {
    "criteria": {
      "has_item": "2024-09-23 23:49:35 +0000"
    },
    "done": true
  },
  "extendedslabs:recipes/building_blocks/vertical_lime_concrete_slab": {
    "criteria": {
      "has_item": "2024-09-23 23:49:35 +0000"
    },
    "done": true
  },
  "extendedslabs:recipes/building_blocks/lime_concrete_stairs": {
    "criteria": {
      "has_item": "2024-09-23 23:49:35 +0000"
    },
    "done": true
  },
  "minecraft:recipes/building_blocks/quartz_slab": {
    "criteria": {
      "has_quartz_block": "2024-09-23 23:50:51 +0000"
    },
    "done": true
  },
  "minecraft:recipes/building_blocks/quartz_bricks": {
    "criteria": {
      "has_quartz_block": "2024-09-23 23:50:51 +0000"
    },
    "done": true
  },
  "extendedslabs:recipes/building_blocks/vertical_quartz_slab": {
    "criteria": {
      "has_item": "2024-09-23 23:50:51 +0000"
    },
    "done": true
  },
  "minecraft:recipes/building_blocks/quartz_pillar_from_quartz_block_stonecutting": {
    "criteria": {
      "has_quartz_block": "2024-09-23 23:50:51 +0000"
    },
    "done": true
  },
  "minecraft:recipes/building_blocks/quartz_pillar": {
    "criteria": {
      "has_quartz_block": "2024-09-23 23:50:51 +0000"
    },
    "done": true
  },
  "minecraft:recipes/building_blocks/quartz_stairs_from_quartz_block_stonecutting": {
    "criteria": {
      "has_quartz_block": "2024-09-23 23:50:51 +0000"
    },
    "done": true
  },
  "extendedslabs:recipes/building_blocks/quartz_vertical_slab_from_quartz_block_stonecutting": {
    "criteria": {
      "has_quartz_block": "2024-09-23 23:50:51 +0000"
    },
    "done": true
  },
  "minecraft:recipes/building_blocks/quartz_stairs": {
    "criteria": {
      "has_quartz_block": "2024-09-23 23:50:51 +0000"
    },
    "done": true
  },
  "minecraft:recipes/building_blocks/smooth_quartz": {
    "criteria": {
      "has_quartz_block": "2024-09-23 23:50:51 +0000"
    },
    "done": true
  },
  "minecraft:recipes/building_blocks/chiseled_quartz_block": {
    "criteria": {
      "has_quartz_block": "2024-09-23 23:50:51 +0000"
    },
    "done": true
  },
  "minecraft:recipes/building_blocks/quartz_bricks_from_quartz_block_stonecutting": {
    "criteria": {
      "has_quartz_block": "2024-09-23 23:50:51 +0000"
    },
    "done": true
  },
  "minecraft:recipes/building_blocks/chiseled_quartz_block_from_quartz_block_stonecutting": {
    "criteria": {
      "has_quartz_block": "2024-09-23 23:50:51 +0000"
    },
    "done": true
  },
  "minecraft:recipes/building_blocks/quartz_slab_from_stonecutting": {
    "criteria": {
      "has_quartz_block": "2024-09-23 23:50:51 +0000"
    },
    "done": true
  },
  "framedblocks:recipes/building_blocks/framed_iron_trapdoor": {
    "criteria": {
      "hasFramedTrapdoor": "2024-09-23 23:54:30 +0000"
    },
    "done": true
  },
  "extendedslabs:recipes/building_blocks/vertical_white_stained_glass_slab": {
    "criteria": {
      "has_item": "2024-09-24 00:04:20 +0000"
    },
    "done": true
  },
  "extendedslabs:recipes/building_blocks/white_stained_glass_slab": {
    "criteria": {
      "has_item": "2024-09-24 00:04:20 +0000"
    },
    "done": true
  },
  "minecraft:recipes/decorations/chest": {
    "criteria": {
      "has_lots_of_items": "2024-09-24 00:04:20 +0000"
    },
    "done": true
  },
  "minecraft:recipes/decorations/white_stained_glass_pane": {
    "criteria": {
      "has_glass": "2024-09-24 00:04:20 +0000"
    },
    "done": true
  },
  "extendedslabs:recipes/building_blocks/white_stained_glass_stairs": {
    "criteria": {
      "has_item": "2024-09-24 00:04:20 +0000"
    },
    "done": true
  },
  "extendedslabs:recipes/building_blocks/black_terracotta_slab": {
    "criteria": {
      "has_item": "2024-09-24 00:04:39 +0000"
    },
    "done": true
  },
  "extendedslabs:recipes/building_blocks/vertical_black_terracotta_slab": {
    "criteria": {
      "has_item": "2024-09-24 00:04:39 +0000"
    },
    "done": true
  },
  "extendedslabs:recipes/building_blocks/black_terracotta_stairs": {
    "criteria": {
      "has_item": "2024-09-24 00:04:39 +0000"
    },
    "done": true
  },
  "minecraft:recipes/decorations/black_glazed_terracotta": {
    "criteria": {
      "has_black_terracotta": "2024-09-24 00:04:39 +0000"
    },
    "done": true
  },
  "minecraft:recipes/redstone/redstone_lamp": {
    "criteria": {
      "has_glowstone": "2024-09-24 00:05:09 +0000"
    },
    "done": true
  },
  "extendedslabs:recipes/building_blocks/grass_block_slab": {
    "criteria": {
      "has_item": "2024-09-24 00:06:10 +0000"
    },
    "done": true
  },
  "extendedslabs:recipes/building_blocks/vertical_grass_block_slab": {
    "criteria": {
      "has_item": "2024-09-24 00:06:10 +0000"
    },
    "done": true
  },
  "extendedslabs:recipes/building_blocks/light_gray_concrete_stairs": {
    "criteria": {
      "has_item": "2024-09-24 00:07:14 +0000"
    },
    "done": true
  },
  "extendedslabs:recipes/building_blocks/vertical_light_gray_concrete_slab": {
    "criteria": {
      "has_item": "2024-09-24 00:07:14 +0000"
    },
    "done": true
  },
  "extendedslabs:recipes/building_blocks/light_gray_concrete_slab": {
    "criteria": {
      "has_item": "2024-09-24 00:07:14 +0000"
    },
    "done": true
  },
  "minecraft:recipes/redstone/redstone_torch": {
    "criteria": {
      "has_redstone": "2024-09-24 00:08:17 +0000"
    },
    "done": true
  },
  "minecraft:recipes/tools/clock": {
    "criteria": {
      "has_redstone": "2024-09-24 00:08:17 +0000"
    },
    "done": true
  },
  "minecraft:recipes/redstone/note_block": {
    "criteria": {
      "has_redstone": "2024-09-24 00:08:17 +0000"
    },
    "done": true
  },
  "minecraft:recipes/redstone/target": {
    "criteria": {
      "has_redstone": "2024-09-24 00:08:17 +0000"
    },
    "done": true
  },
  "minecraft:recipes/tools/compass": {
    "criteria": {
      "has_redstone": "2024-09-24 00:08:17 +0000"
    },
    "done": true
  },
  "minecraft:recipes/redstone/dropper": {
    "criteria": {
      "has_redstone": "2024-09-24 00:08:17 +0000"
    },
    "done": true
  },
  "minecraft:recipes/redstone/redstone_block": {
    "criteria": {
      "has_redstone": "2024-09-24 00:08:17 +0000"
    },
    "done": true
  },
  "minecraft:recipes/redstone/piston": {
    "criteria": {
      "has_redstone": "2024-09-24 00:08:17 +0000"
    },
    "done": true
  },
  "extendedslabs:recipes/building_blocks/vertical_orange_concrete_powder_slab_from_orange_concrete_powder_slab": {
    "criteria": {
      "has_item": "2024-09-24 00:13:01 +0000"
    },
    "done": true
  },
  "framedblocks:recipes/building_blocks/framed_sloped_stairs": {
    "criteria": {
      "hasFramedSlab": "2024-09-24 00:13:09 +0000"
    },
    "done": true
  },
  "framedblocks:recipes/building_blocks/framed_slab_edge": {
    "criteria": {
      "hasFramedSlab": "2024-09-24 00:13:09 +0000"
    },
    "done": true
  },
  "framedblocks:recipes/building_blocks/framed_trapdoor": {
    "criteria": {
      "hasFramedSlab": "2024-09-24 00:13:09 +0000"
    },
    "done": true
  },
  "framedblocks:recipes/building_blocks/framed_floor_board": {
    "criteria": {
      "hasFramedSlab": "2024-09-24 00:13:09 +0000"
    },
    "done": true
  },
  "framedblocks:recipes/building_blocks/framed_slab_corner": {
    "criteria": {
      "hasFramedSlab": "2024-09-24 00:13:09 +0000"
    },
    "done": true
  },
  "framedblocks:recipes/building_blocks/framed_slab_rotate_to_framed_panel": {
    "criteria": {
      "hasFramedSlab": "2024-09-24 00:13:09 +0000"
    },
    "done": true
  },
  "framedblocks:recipes/building_blocks/framed_centered_slab": {
    "criteria": {
      "hasFramedSlab": "2024-09-24 00:13:09 +0000"
    },
    "done": true
  },
  "framedblocks:recipes/building_blocks/framed_sliced_stairs_slab": {
    "criteria": {
      "hasFramedSlab": "2024-09-24 00:13:09 +0000"
    },
    "done": true
  },
  "minecraft:recipes/decorations/yellow_candle": {
    "criteria": {
      "has_yellow_dye": "2024-09-24 00:17:08 +0000"
    },
    "done": true
  },
  "minecraft:recipes/building_blocks/dye_yellow_wool": {
    "criteria": {
      "has_needed_dye": "2024-09-24 00:17:08 +0000"
    },
    "done": true
  },
  "minecraft:recipes/misc/orange_dye_from_red_yellow": {
    "criteria": {
      "has_yellow_dye": "2024-09-24 00:17:08 +0000"
    },
    "done": true
  },
  "minecraft:recipes/building_blocks/dye_yellow_carpet": {
    "criteria": {
      "has_needed_dye": "2024-09-24 00:17:08 +0000"
    },
    "done": true
  },
  "minecraft:recipes/decorations/yellow_stained_glass_pane_from_glass_pane": {
    "criteria": {
      "has_yellow_dye": "2024-09-24 00:17:08 +0000"
    },
    "done": true
  },
  "minecraft:recipes/building_blocks/dye_yellow_bed": {
    "criteria": {
      "has_needed_dye": "2024-09-24 00:17:08 +0000"
    },
    "done": true
  },
  "minecraft:recipes/decorations/smoker": {
    "criteria": {
      "has_furnace": "2024-09-24 00:18:41 +0000"
    },
    "done": true
  },
  "extendedslabs:recipes/building_blocks/vertical_brown_concrete_slab": {
    "criteria": {
      "has_item": "2024-09-24 00:23:15 +0000"
    },
    "done": true
  },
  "extendedslabs:recipes/building_blocks/brown_concrete_stairs": {
    "criteria": {
      "has_item": "2024-09-24 00:23:15 +0000"
    },
    "done": true
  },
  "extendedslabs:recipes/building_blocks/brown_concrete_slab": {
    "criteria": {
      "has_item": "2024-09-24 00:23:15 +0000"
    },
    "done": true
  },
  "framedblocks:recipes/building_blocks/framed_glowing_item_frame": {
    "criteria": {
      "hasFramedItemFrame": "2024-09-24 00:26:08 +0000"
    },
    "done": true
  },
  "extendedslabs:recipes/building_blocks/jungle_wood_corner_from_jungle_wood_stairs": {
    "criteria": {
      "has_item": "2024-09-24 00:26:18 +0000"
    },
    "done": true
  },
  "extendedslabs:recipes/building_blocks/black_concrete_stairs": {
    "criteria": {
      "has_item": "2024-09-24 00:26:43 +0000"
    },
    "done": true
  },
  "extendedslabs:recipes/building_blocks/black_concrete_slab": {
    "criteria": {
      "has_item": "2024-09-24 00:26:43 +0000"
    },
    "done": true
  },
  "extendedslabs:recipes/building_blocks/vertical_black_concrete_slab": {
    "criteria": {
      "has_item": "2024-09-24 00:26:43 +0000"
    },
    "done": true
  },
  "extendedslabs:recipes/building_blocks/white_concrete_powder_slab": {
    "criteria": {
      "has_item": "2024-09-24 00:27:24 +0000"
    },
    "done": true
  },
  "extendedslabs:recipes/building_blocks/white_concrete_powder_stairs": {
    "criteria": {
      "has_item": "2024-09-24 00:27:24 +0000"
    },
    "done": true
  },
  "extendedslabs:recipes/building_blocks/vertical_white_concrete_powder_slab": {
    "criteria": {
      "has_item": "2024-09-24 00:27:24 +0000"
    },
    "done": true
  },
  "extendedslabs:recipes/building_blocks/yellow_concrete_powder_slab": {
    "criteria": {
      "has_item": "2024-09-24 00:27:41 +0000"
    },
    "done": true
  },
  "extendedslabs:recipes/building_blocks/yellow_concrete_powder_stairs": {
    "criteria": {
      "has_item": "2024-09-24 00:27:41 +0000"
    },
    "done": true
  },
  "extendedslabs:recipes/building_blocks/vertical_yellow_concrete_powder_slab": {
    "criteria": {
      "has_item": "2024-09-24 00:27:41 +0000"
    },
    "done": true
  },
  "minecraft:recipes/food/cooked_porkchop_from_campfire_cooking": {
    "criteria": {
      "has_porkchop": "2024-09-24 00:28:32 +0000"
    },
    "done": true
  },
  "minecraft:recipes/food/cooked_porkchop": {
    "criteria": {
      "has_porkchop": "2024-09-24 00:28:32 +0000"
    },
    "done": true
  },
  "minecraft:recipes/food/cooked_porkchop_from_smoking": {
    "criteria": {
      "has_porkchop": "2024-09-24 00:28:32 +0000"
    },
    "done": true
  },
  "extendedslabs:recipes/building_blocks/blue_concrete_slab": {
    "criteria": {
      "has_item": "2024-09-24 00:29:57 +0000"
    },
    "done": true
  },
  "extendedslabs:recipes/building_blocks/blue_concrete_stairs": {
    "criteria": {
      "has_item": "2024-09-24 00:29:57 +0000"
    },
    "done": true
  },
  "extendedslabs:recipes/building_blocks/vertical_blue_concrete_slab": {
    "criteria": {
      "has_item": "2024-09-24 00:29:57 +0000"
    },
    "done": true
  },
  "extendedslabs:recipes/building_blocks/vertical_cyan_concrete_slab": {
    "criteria": {
      "has_item": "2024-09-24 00:30:46 +0000"
    },
    "done": true
  },
  "extendedslabs:recipes/building_blocks/cyan_concrete_stairs": {
    "criteria": {
      "has_item": "2024-09-24 00:30:46 +0000"
    },
    "done": true
  },
  "extendedslabs:recipes/building_blocks/cyan_concrete_slab": {
    "criteria": {
      "has_item": "2024-09-24 00:30:46 +0000"
    },
    "done": true
  },
  "minecraft:recipes/misc/iron_nugget_from_smelting": {
    "criteria": {
      "has_chainmail_chestplate": "2024-09-24 00:33:25 +0000"
    },
    "done": true
  },
  "minecraft:recipes/misc/iron_nugget_from_blasting": {
    "criteria": {
      "has_chainmail_chestplate": "2024-09-24 00:33:25 +0000"
    },
    "done": true
  },
  "extendedslabs:recipes/building_blocks/vertical_blue_wool_slab": {
    "criteria": {
      "has_item": "2024-09-24 00:37:42 +0000"
    },
    "done": true
  },
  "extendedslabs:recipes/building_blocks/blue_wool_stairs": {
    "criteria": {
      "has_item": "2024-09-24 00:37:42 +0000"
    },
    "done": true
  },
  "minecraft:recipes/decorations/painting": {
    "criteria": {
      "has_wool": "2024-09-24 00:37:42 +0000"
    },
    "done": true
  },
  "minecraft:recipes/decorations/blue_bed": {
    "criteria": {
      "has_blue_wool": "2024-09-24 00:37:42 +0000"
    },
    "done": true
  },
  "minecraft:recipes/decorations/blue_carpet": {
    "criteria": {
      "has_blue_wool": "2024-09-24 00:37:42 +0000"
    },
    "done": true
  },
  "minecraft:recipes/decorations/blue_banner": {
    "criteria": {
      "has_blue_wool": "2024-09-24 00:37:42 +0000"
    },
    "done": true
  },
  "extendedslabs:recipes/building_blocks/blue_wool_slab": {
    "criteria": {
      "has_item": "2024-09-24 00:37:42 +0000"
    },
    "done": true
  },
  "extendedslabs:recipes/building_blocks/vertical_red_wool_slab": {
    "criteria": {
      "has_item": "2024-09-24 00:37:48 +0000"
    },
    "done": true
  },
  "extendedslabs:recipes/building_blocks/red_wool_stairs": {
    "criteria": {
      "has_item": "2024-09-24 00:37:48 +0000"
    },
    "done": true
  },
  "minecraft:recipes/decorations/red_carpet": {
    "criteria": {
      "has_red_wool": "2024-09-24 00:37:48 +0000"
    },
    "done": true
  },
  "minecraft:recipes/decorations/red_banner": {
    "criteria": {
      "has_red_wool": "2024-09-24 00:37:48 +0000"
    },
    "done": true
  },
  "extendedslabs:recipes/building_blocks/red_wool_slab": {
    "criteria": {
      "has_item": "2024-09-24 00:37:48 +0000"
    },
    "done": true
  },
  "minecraft:recipes/decorations/red_bed": {
    "criteria": {
      "has_red_wool": "2024-09-24 00:37:48 +0000"
    },
    "done": true
  },
  "extendedslabs:recipes/building_blocks/vertical_light_blue_terracotta_slab": {
    "criteria": {
      "has_item": "2024-09-24 00:38:01 +0000"
    },
    "done": true
  },
  "extendedslabs:recipes/building_blocks/light_blue_terracotta_stairs": {
    "criteria": {
      "has_item": "2024-09-24 00:38:01 +0000"
    },
    "done": true
  },
  "minecraft:recipes/decorations/light_blue_glazed_terracotta": {
    "criteria": {
      "has_light_blue_terracotta": "2024-09-24 00:38:01 +0000"
    },
    "done": true
  },
  "extendedslabs:recipes/building_blocks/light_blue_terracotta_slab": {
    "criteria": {
      "has_item": "2024-09-24 00:38:01 +0000"
    },
    "done": true
  },
  "extendedslabs:recipes/building_blocks/light_gray_stained_glass_stairs": {
    "criteria": {
      "has_item": "2024-09-24 00:40:52 +0000"
    },
    "done": true
  },
  "extendedslabs:recipes/building_blocks/light_gray_stained_glass_slab": {
    "criteria": {
      "has_item": "2024-09-24 00:40:52 +0000"
    },
    "done": true
  },
  "extendedslabs:recipes/building_blocks/vertical_light_gray_stained_glass_slab": {
    "criteria": {
      "has_item": "2024-09-24 00:40:52 +0000"
    },
    "done": true
  },
  "minecraft:recipes/decorations/light_gray_stained_glass_pane": {
    "criteria": {
      "has_glass": "2024-09-24 00:40:52 +0000"
    },
    "done": true
  },
  "extendedslabs:recipes/building_blocks/vertical_polished_diorite_slab_from_polished_diorite_slab": {
    "criteria": {
      "has_item": "2024-09-24 00:41:32 +0000"
    },
    "done": true
  },
  "minecraft:recipes/decorations/red_glazed_terracotta": {
    "criteria": {
      "has_red_terracotta": "2024-09-24 00:42:57 +0000"
    },
    "done": true
  },
  "extendedslabs:recipes/building_blocks/vertical_red_terracotta_slab": {
    "criteria": {
      "has_item": "2024-09-24 00:42:57 +0000"
    },
    "done": true
  },
  "extendedslabs:recipes/building_blocks/red_terracotta_stairs": {
    "criteria": {
      "has_item": "2024-09-24 00:42:57 +0000"
    },
    "done": true
  },
  "extendedslabs:recipes/building_blocks/red_terracotta_slab": {
    "criteria": {
      "has_item": "2024-09-24 00:42:57 +0000"
    },
    "done": true
  },
  "extendedslabs:recipes/building_blocks/red_terracotta_corner_from_red_terracotta_stairs": {
    "criteria": {
      "has_item": "2024-09-24 00:42:58 +0000"
    },
    "done": true
  },
  "extendedslabs:recipes/building_blocks/vertical_black_terracotta_slab_from_black_terracotta_slab": {
    "criteria": {
      "has_item": "2024-09-24 00:43:07 +0000"
    },
    "done": true
  },
  "minecraft:recipes/decorations/brick_wall": {
    "criteria": {
      "has_bricks": "2024-09-24 00:43:21 +0000"
    },
    "done": true
  },
  "minecraft:recipes/building_blocks/brick_stairs": {
    "criteria": {
      "has_bricks": "2024-09-24 00:43:21 +0000"
    },
    "done": true
  },
  "minecraft:recipes/building_blocks/brick_slab_from_bricks_stonecutting": {
    "criteria": {
      "has_bricks": "2024-09-24 00:43:21 +0000"
    },
    "done": true
  },
  "minecraft:recipes/building_blocks/brick_stairs_from_bricks_stonecutting": {
    "criteria": {
      "has_bricks": "2024-09-24 00:43:21 +0000"
    },
    "done": true
  },
  "extendedslabs:recipes/building_blocks/vertical_brick_slab": {
    "criteria": {
      "has_item": "2024-09-24 00:43:21 +0000"
    },
    "done": true
  },
  "minecraft:recipes/building_blocks/brick_slab": {
    "criteria": {
      "has_bricks": "2024-09-24 00:43:21 +0000"
    },
    "done": true
  },
  "extendedslabs:recipes/building_blocks/brick_vertical_slab_from_bricks_stonecutting": {
    "criteria": {
      "has_bricks": "2024-09-24 00:43:21 +0000"
    },
    "done": true
  },
  "minecraft:recipes/decorations/brick_wall_from_bricks_stonecutting": {
    "criteria": {
      "has_bricks": "2024-09-24 00:43:21 +0000"
    },
    "done": true
  },
  "minecraft:recipes/food/cooked_cod_from_smoking": {
    "criteria": {
      "has_cod": "2024-09-24 00:45:56 +0000"
    },
    "done": true
  },
  "minecraft:recipes/food/cooked_cod_from_campfire_cooking": {
    "criteria": {
      "has_cod": "2024-09-24 00:45:56 +0000"
    },
    "done": true
  },
  "minecraft:recipes/food/cooked_cod": {
    "criteria": {
      "has_cod": "2024-09-24 00:45:56 +0000"
    },
    "done": true
  },
  "minecraft:recipes/decorations/purple_bed": {
    "criteria": {
      "has_purple_wool": "2024-09-24 00:49:41 +0000"
    },
    "done": true
  },
  "extendedslabs:recipes/building_blocks/purple_wool_stairs": {
    "criteria": {
      "has_item": "2024-09-24 00:49:41 +0000"
    },
    "done": true
  },
  "extendedslabs:recipes/building_blocks/purple_wool_slab": {
    "criteria": {
      "has_item": "2024-09-24 00:49:41 +0000"
    },
    "done": true
  },
  "minecraft:recipes/decorations/purple_carpet": {
    "criteria": {
      "has_purple_wool": "2024-09-24 00:49:41 +0000"
    },
    "done": true
  },
  "minecraft:recipes/decorations/purple_banner": {
    "criteria": {
      "has_purple_wool": "2024-09-24 00:49:41 +0000"
    },
    "done": true
  },
  "extendedslabs:recipes/building_blocks/vertical_purple_wool_slab": {
    "criteria": {
      "has_item": "2024-09-24 00:49:41 +0000"
    },
    "done": true
  },
  "extendedslabs:recipes/building_blocks/mangrove_wood_slab_from_vertical_mangrove_wood_slab": {
    "criteria": {
      "has_item": "2024-09-24 00:51:23 +0000"
    },
    "done": true
  },
  "minecraft:recipes/building_blocks/nether_bricks": {
    "criteria": {
      "has_nether_brick": "2024-09-24 00:53:25 +0000"
    },
    "done": true
  },
  "extendedslabs:recipes/building_blocks/vertical_lime_concrete_slab_from_lime_concrete_slab": {
    "criteria": {
      "has_item": "2024-09-24 00:55:36 +0000"
    },
    "done": true
  },
  "framedblocks:recipes/building_blocks/framed_corner_strip_from_framed_floor_board": {
    "criteria": {
      "hasFramedFloorBoard": "2024-09-24 00:55:59 +0000"
    },
    "done": true
  },
  "framedblocks:recipes/building_blocks/framed_floor_board_rotate_to_framed_wall_board": {
    "criteria": {
      "hasFramedFloorBoard": "2024-09-24 00:55:59 +0000"
    },
    "done": true
  },
  "extendedslabs:recipes/building_blocks/vertical_cyan_concrete_slab_from_cyan_concrete_slab": {
    "criteria": {
      "has_item": "2024-09-24 00:59:58 +0000"
    },
    "done": true
  },
  "minecraft:recipes/misc/slime_ball": {
    "criteria": {
      "has_slime_block": "2024-09-24 01:02:35 +0000"
    },
    "done": true
  },
  "minecraft:recipes/brewing/cauldron": {
    "criteria": {
      "has_water_bucket": "2024-09-24 01:07:55 +0000"
    },
    "done": true
  },
  "minecraft:recipes/transportation/cherry_boat": {
    "criteria": {
      "in_water": "2024-09-24 01:08:06 +0000"
    },
    "done": true
  },
  "minecraft:recipes/transportation/bamboo_raft": {
    "criteria": {
      "in_water": "2024-09-24 01:08:06 +0000"
    },
    "done": true
  },
  "minecraft:recipes/transportation/spruce_boat": {
    "criteria": {
      "in_water": "2024-09-24 01:08:06 +0000"
    },
    "done": true
  },
  "minecraft:recipes/transportation/birch_boat": {
    "criteria": {
      "in_water": "2024-09-24 01:08:06 +0000"
    },
    "done": true
  },
  "minecraft:recipes/transportation/oak_boat": {
    "criteria": {
      "in_water": "2024-09-24 01:08:06 +0000"
    },
    "done": true
  },
  "minecraft:recipes/transportation/mangrove_boat": {
    "criteria": {
      "in_water": "2024-09-24 01:08:06 +0000"
    },
    "done": true
  },
  "minecraft:recipes/transportation/acacia_boat": {
    "criteria": {
      "in_water": "2024-09-24 01:08:06 +0000"
    },
    "done": true
  },
  "minecraft:recipes/transportation/jungle_boat": {
    "criteria": {
      "in_water": "2024-09-24 01:08:06 +0000"
    },
    "done": true
  },
  "minecraft:recipes/transportation/dark_oak_boat": {
    "criteria": {
      "in_water": "2024-09-24 01:08:06 +0000"
    },
    "done": true
  },
  "extendedslabs:recipes/building_blocks/oak_wood_corner_from_oak_wood_stairs": {
    "criteria": {
      "has_item": "2024-09-24 01:15:25 +0000"
    },
    "done": true
  },
  "extendedslabs:recipes/building_blocks/vertical_oak_wood_slab_from_oak_wood_slab": {
    "criteria": {
      "has_item": "2024-09-24 01:15:28 +0000"
    },
    "done": true
  },
  "minecraft:recipes/misc/white_dye": {
    "criteria": {
      "has_bone_meal": "2024-09-24 01:33:13 +0000"
    },
    "done": true
  },
  "minecraft:recipes/building_blocks/bone_block": {
    "criteria": {
      "has_bone_meal": "2024-09-24 01:33:13 +0000"
    },
    "done": true
  },
  "extendedslabs:recipes/building_blocks/sandstone_vertical_slab_from_sandstone_stonecutting": {
    "criteria": {
      "has_sandstone": "2024-09-26 23:49:59 +0000"
    },
    "done": true
  },
  "minecraft:recipes/building_blocks/sandstone_slab": {
    "criteria": {
      "has_sandstone": "2024-09-26 23:49:59 +0000"
    },
    "done": true
  },
  "minecraft:recipes/building_blocks/smooth_sandstone": {
    "criteria": {
      "has_sandstone": "2024-09-26 23:49:59 +0000"
    },
    "done": true
  },
  "minecraft:recipes/decorations/sandstone_wall_from_sandstone_stonecutting": {
    "criteria": {
      "has_sandstone": "2024-09-26 23:49:59 +0000"
    },
    "done": true
  },
  "minecraft:recipes/building_blocks/cut_sandstone": {
    "criteria": {
      "has_sandstone": "2024-09-26 23:49:59 +0000"
    },
    "done": true
  },
  "minecraft:recipes/building_blocks/sandstone_stairs_from_sandstone_stonecutting": {
    "criteria": {
      "has_sandstone": "2024-09-26 23:49:59 +0000"
    },
    "done": true
  },
  "extendedslabs:recipes/building_blocks/cut_sandstone_vertical_slab_from_sandstone_stonecutting": {
    "criteria": {
      "has_sandstone": "2024-09-26 23:49:59 +0000"
    },
    "done": true
  },
  "minecraft:recipes/building_blocks/sandstone_stairs": {
    "criteria": {
      "has_sandstone": "2024-09-26 23:49:59 +0000"
    },
    "done": true
  },
  "extendedslabs:recipes/building_blocks/cut_sandstone_vertical_slab_from_cut_sandstone_stonecutting": {
    "criteria": {
      "has_sandstone": "2024-09-26 23:49:59 +0000"
    },
    "done": true
  },
  "extendedslabs:recipes/building_blocks/vertical_sandstone_slab": {
    "criteria": {
      "has_item": "2024-09-26 23:49:59 +0000"
    },
    "done": true
  },
  "minecraft:recipes/building_blocks/cut_sandstone_from_sandstone_stonecutting": {
    "criteria": {
      "has_sandstone": "2024-09-26 23:49:59 +0000"
    },
    "done": true
  },
  "minecraft:recipes/building_blocks/chiseled_sandstone_from_sandstone_stonecutting": {
    "criteria": {
      "has_sandstone": "2024-09-26 23:49:59 +0000"
    },
    "done": true
  },
  "minecraft:recipes/building_blocks/cut_sandstone_slab_from_sandstone_stonecutting": {
    "criteria": {
      "has_sandstone": "2024-09-26 23:49:59 +0000"
    },
    "done": true
  },
  "minecraft:recipes/building_blocks/sandstone_slab_from_sandstone_stonecutting": {
    "criteria": {
      "has_sandstone": "2024-09-26 23:49:59 +0000"
    },
    "done": true
  },
  "minecraft:recipes/decorations/sandstone_wall": {
    "criteria": {
      "has_sandstone": "2024-09-26 23:49:59 +0000"
    },
    "done": true
  },
  "minecraft:recipes/building_blocks/lime_terracotta": {
    "criteria": {
      "has_terracotta": "2024-09-26 23:50:01 +0000"
    },
    "done": true
  },
  "minecraft:recipes/building_blocks/light_gray_terracotta": {
    "criteria": {
      "has_terracotta": "2024-09-26 23:50:01 +0000"
    },
    "done": true
  },
  "minecraft:recipes/building_blocks/red_terracotta": {
    "criteria": {
      "has_terracotta": "2024-09-26 23:50:01 +0000"
    },
    "done": true
  },
  "minecraft:recipes/building_blocks/black_terracotta": {
    "criteria": {
      "has_terracotta": "2024-09-26 23:50:01 +0000"
    },
    "done": true
  },
  "extendedslabs:recipes/building_blocks/vertical_terracotta_slab": {
    "criteria": {
      "has_item": "2024-09-26 23:50:01 +0000"
    },
    "done": true
  },
  "minecraft:recipes/building_blocks/pink_terracotta": {
    "criteria": {
      "has_terracotta": "2024-09-26 23:50:01 +0000"
    },
    "done": true
  },
  "minecraft:recipes/building_blocks/blue_terracotta": {
    "criteria": {
      "has_terracotta": "2024-09-26 23:50:01 +0000"
    },
    "done": true
  },
  "minecraft:recipes/building_blocks/light_blue_terracotta": {
    "criteria": {
      "has_terracotta": "2024-09-26 23:50:01 +0000"
    },
    "done": true
  },
  "minecraft:recipes/building_blocks/yellow_terracotta": {
    "criteria": {
      "has_terracotta": "2024-09-26 23:50:01 +0000"
    },
    "done": true
  },
  "minecraft:recipes/building_blocks/purple_terracotta": {
    "criteria": {
      "has_terracotta": "2024-09-26 23:50:01 +0000"
    },
    "done": true
  },
  "minecraft:recipes/building_blocks/white_terracotta": {
    "criteria": {
      "has_terracotta": "2024-09-26 23:50:01 +0000"
    },
    "done": true
  },
  "minecraft:recipes/building_blocks/orange_terracotta": {
    "criteria": {
      "has_terracotta": "2024-09-26 23:50:01 +0000"
    },
    "done": true
  },
  "minecraft:recipes/building_blocks/magenta_terracotta": {
    "criteria": {
      "has_terracotta": "2024-09-26 23:50:01 +0000"
    },
    "done": true
  },
  "minecraft:recipes/building_blocks/cyan_terracotta": {
    "criteria": {
      "has_terracotta": "2024-09-26 23:50:01 +0000"
    },
    "done": true
  },
  "minecraft:recipes/building_blocks/gray_terracotta": {
    "criteria": {
      "has_terracotta": "2024-09-26 23:50:01 +0000"
    },
    "done": true
  },
  "minecraft:recipes/building_blocks/green_terracotta": {
    "criteria": {
      "has_terracotta": "2024-09-26 23:50:01 +0000"
    },
    "done": true
  },
  "minecraft:recipes/building_blocks/brown_terracotta": {
    "criteria": {
      "has_terracotta": "2024-09-26 23:50:01 +0000"
    },
    "done": true
  },
  "extendedslabs:recipes/building_blocks/terracotta_slab": {
    "criteria": {
      "has_item": "2024-09-26 23:50:01 +0000"
    },
    "done": true
  },
  "extendedslabs:recipes/building_blocks/terracotta_stairs": {
    "criteria": {
      "has_item": "2024-09-26 23:50:01 +0000"
    },
    "done": true
  },
  "extendedslabs:recipes/building_blocks/vertical_dirt_path_slab": {
    "criteria": {
      "has_item": "2024-09-26 23:50:14 +0000"
    },
    "done": true
  },
  "extendedslabs:recipes/building_blocks/dirt_path_slab": {
    "criteria": {
      "has_item": "2024-09-26 23:50:14 +0000"
    },
    "done": true
  },
  "minecraft:recipes/decorations/white_glazed_terracotta": {
    "criteria": {
      "has_white_terracotta": "2024-09-26 23:51:01 +0000"
    },
    "done": true
  },
  "extendedslabs:recipes/building_blocks/white_terracotta_stairs": {
    "criteria": {
      "has_item": "2024-09-26 23:51:01 +0000"
    },
    "done": true
  },
  "extendedslabs:recipes/building_blocks/vertical_white_terracotta_slab": {
    "criteria": {
      "has_item": "2024-09-26 23:51:01 +0000"
    },
    "done": true
  },
  "extendedslabs:recipes/building_blocks/white_terracotta_slab": {
    "criteria": {
      "has_item": "2024-09-26 23:51:01 +0000"
    },
    "done": true
  },
  "extendedslabs:recipes/building_blocks/cut_red_sandstone_vertical_slab_from_red_sandstone_stonecutting": {
    "criteria": {
      "has_red_sandstone": "2024-09-26 23:51:06 +0000"
    },
    "done": true
  },
  "minecraft:recipes/building_blocks/smooth_red_sandstone": {
    "criteria": {
      "has_red_sandstone": "2024-09-26 23:51:06 +0000"
    },
    "done": true
  },
  "minecraft:recipes/building_blocks/chiseled_red_sandstone": {
    "criteria": {
      "has_red_sandstone": "2024-09-26 23:51:06 +0000"
    },
    "done": true
  },
  "minecraft:recipes/building_blocks/cut_red_sandstone": {
    "criteria": {
      "has_red_sandstone": "2024-09-26 23:51:06 +0000"
    },
    "done": true
  },
  "minecraft:recipes/decorations/red_sandstone_wall_from_red_sandstone_stonecutting": {
    "criteria": {
      "has_red_sandstone": "2024-09-26 23:51:06 +0000"
    },
    "done": true
  },
  "minecraft:recipes/building_blocks/red_sandstone_slab": {
    "criteria": {
      "has_red_sandstone": "2024-09-26 23:51:06 +0000"
    },
    "done": true
  },
  "minecraft:recipes/building_blocks/red_sandstone_stairs": {
    "criteria": {
      "has_red_sandstone": "2024-09-26 23:51:06 +0000"
    },
    "done": true
  },
  "minecraft:recipes/building_blocks/chiseled_red_sandstone_from_red_sandstone_stonecutting": {
    "criteria": {
      "has_red_sandstone": "2024-09-26 23:51:06 +0000"
    },
    "done": true
  },
  "extendedslabs:recipes/building_blocks/red_sandstone_vertical_slab_from_red_sandstone_stonecutting": {
    "criteria": {
      "has_red_sandstone": "2024-09-26 23:51:06 +0000"
    },
    "done": true
  },
  "minecraft:recipes/building_blocks/red_sandstone_slab_from_red_sandstone_stonecutting": {
    "criteria": {
      "has_red_sandstone": "2024-09-26 23:51:06 +0000"
    },
    "done": true
  },
  "minecraft:recipes/building_blocks/cut_red_sandstone_slab_from_red_sandstone_stonecutting": {
    "criteria": {
      "has_red_sandstone": "2024-09-26 23:51:06 +0000"
    },
    "done": true
  },
  "minecraft:recipes/building_blocks/cut_red_sandstone_from_red_sandstone_stonecutting": {
    "criteria": {
      "has_red_sandstone": "2024-09-26 23:51:06 +0000"
    },
    "done": true
  },
  "minecraft:recipes/building_blocks/red_sandstone_stairs_from_red_sandstone_stonecutting": {
    "criteria": {
      "has_red_sandstone": "2024-09-26 23:51:06 +0000"
    },
    "done": true
  },
  "minecraft:recipes/decorations/red_sandstone_wall": {
    "criteria": {
      "has_red_sandstone": "2024-09-26 23:51:06 +0000"
    },
    "done": true
  },
  "extendedslabs:recipes/building_blocks/vertical_red_sandstone_slab": {
    "criteria": {
      "has_item": "2024-09-26 23:51:06 +0000"
    },
    "done": true
  },
  "extendedslabs:recipes/building_blocks/red_sand_stairs": {
    "criteria": {
      "has_item": "2024-09-26 23:51:08 +0000"
    },
    "done": true
  },
  "minecraft:recipes/building_blocks/glass": {
    "criteria": {
      "has_smelts_to_glass": "2024-09-26 23:51:08 +0000"
    },
    "done": true
  },
  "minecraft:recipes/building_blocks/red_sandstone": {
    "criteria": {
      "has_sand": "2024-09-26 23:51:08 +0000"
    },
    "done": true
  },
  "extendedslabs:recipes/building_blocks/vertical_red_sand_slab": {
    "criteria": {
      "has_item": "2024-09-26 23:51:08 +0000"
    },
    "done": true
  },
  "extendedslabs:recipes/building_blocks/red_sand_slab": {
    "criteria": {
      "has_item": "2024-09-26 23:51:08 +0000"
    },
    "done": true
  },
  "minecraft:recipes/building_blocks/stone_bricks": {
    "criteria": {
      "has_stone": "2024-09-26 23:54:23 +0000"
    },
    "done": true
  },
  "extendedslabs:recipes/building_blocks/stone_vertical_slab_from_stone_stonecutting": {
    "criteria": {
      "has_stone": "2024-09-26 23:54:23 +0000"
    },
    "done": true
  },
  "minecraft:recipes/building_blocks/stone_bricks_from_stone_stonecutting": {
    "criteria": {
      "has_stone": "2024-09-26 23:54:23 +0000"
    },
    "done": true
  },
  "minecraft:recipes/building_blocks/stone_slab": {
    "criteria": {
      "has_stone": "2024-09-26 23:54:23 +0000"
    },
    "done": true
  },
  "extendedslabs:recipes/building_blocks/vertical_stone_slab": {
    "criteria": {
      "has_item": "2024-09-26 23:54:23 +0000"
    },
    "done": true
  },
  "minecraft:recipes/building_blocks/stone_stairs_from_stone_stonecutting": {
    "criteria": {
      "has_stone": "2024-09-26 23:54:23 +0000"
    },
    "done": true
  },
  "minecraft:recipes/redstone/stone_button": {
    "criteria": {
      "has_stone": "2024-09-26 23:54:23 +0000"
    },
    "done": true
  },
  "minecraft:recipes/decorations/stonecutter": {
    "criteria": {
      "has_stone": "2024-09-26 23:54:23 +0000"
    },
    "done": true
  },
  "minecraft:recipes/redstone/stone_pressure_plate": {
    "criteria": {
      "has_stone": "2024-09-26 23:54:23 +0000"
    },
    "done": true
  },
  "minecraft:recipes/building_blocks/smooth_stone": {
    "criteria": {
      "has_stone": "2024-09-26 23:54:23 +0000"
    },
    "done": true
  },
  "minecraft:recipes/decorations/stone_brick_walls_from_stone_stonecutting": {
    "criteria": {
      "has_stone": "2024-09-26 23:54:23 +0000"
    },
    "done": true
  },
  "minecraft:recipes/building_blocks/stone_brick_slab_from_stone_stonecutting": {
    "criteria": {
      "has_stone": "2024-09-26 23:54:23 +0000"
    },
    "done": true
  },
  "minecraft:recipes/building_blocks/stone_brick_stairs_from_stone_stonecutting": {
    "criteria": {
      "has_stone": "2024-09-26 23:54:23 +0000"
    },
    "done": true
  },
  "minecraft:recipes/building_blocks/stone_slab_from_stone_stonecutting": {
    "criteria": {
      "has_stone": "2024-09-26 23:54:23 +0000"
    },
    "done": true
  },
  "minecraft:recipes/building_blocks/chiseled_stone_bricks_stone_from_stonecutting": {
    "criteria": {
      "has_stone": "2024-09-26 23:54:23 +0000"
    },
    "done": true
  },
  "extendedslabs:recipes/building_blocks/stone_brick_vertical_slab_from_stone_stonecutting": {
    "criteria": {
      "has_stone": "2024-09-26 23:54:23 +0000"
    },
    "done": true
  },
  "minecraft:recipes/building_blocks/stone_stairs": {
    "criteria": {
      "has_stone": "2024-09-26 23:54:23 +0000"
    },
    "done": true
  },
  "minecraft:story/obtain_armor": {
    "criteria": {
      "iron_chestplate": "2024-09-27 00:48:58 +0000"
    },
    "done": true
  },
  "extendedslabs:recipes/building_blocks/orange_glazed_terracotta_slab": {
    "criteria": {
      "has_item": "2024-09-27 01:14:41 +0000"
    },
    "done": true
  },
  "extendedslabs:recipes/building_blocks/orange_glazed_terracotta_stairs": {
    "criteria": {
      "has_item": "2024-09-27 01:14:41 +0000"
    },
    "done": true
  },
  "extendedslabs:recipes/building_blocks/vertical_orange_glazed_terracotta_slab": {
    "criteria": {
      "has_item": "2024-09-27 01:14:41 +0000"
    },
    "done": true
  },
  "minecraft:recipes/tools/golden_axe": {
    "criteria": {
      "has_gold_ingot": "2024-09-27 01:14:59 +0000"
    },
    "done": true
  },
  "minecraft:recipes/tools/golden_pickaxe": {
    "criteria": {
      "has_gold_ingot": "2024-09-27 01:14:59 +0000"
    },
    "done": true
  },
  "minecraft:recipes/misc/gold_nugget": {
    "criteria": {
      "has_gold_ingot": "2024-09-27 01:14:59 +0000"
    },
    "done": true
  },
  "minecraft:recipes/tools/golden_shovel": {
    "criteria": {
      "has_gold_ingot": "2024-09-27 01:14:59 +0000"
    },
    "done": true
  },
  "minecraft:recipes/food/golden_apple": {
    "criteria": {
      "has_gold_ingot": "2024-09-27 01:14:59 +0000"
    },
    "done": true
  },
  "minecraft:recipes/combat/golden_boots": {
    "criteria": {
      "has_gold_ingot": "2024-09-27 01:14:59 +0000"
    },
    "done": true
  },
  "minecraft:recipes/combat/golden_helmet": {
    "criteria": {
      "has_gold_ingot": "2024-09-27 01:14:59 +0000"
    },
    "done": true
  },
  "minecraft:recipes/combat/golden_chestplate": {
    "criteria": {
      "has_gold_ingot": "2024-09-27 01:14:59 +0000"
    },
    "done": true
  },
  "minecraft:recipes/redstone/light_weighted_pressure_plate": {
    "criteria": {
      "has_gold_ingot": "2024-09-27 01:14:59 +0000"
    },
    "done": true
  },
  "minecraft:recipes/combat/golden_sword": {
    "criteria": {
      "has_gold_ingot": "2024-09-27 01:14:59 +0000"
    },
    "done": true
  },
  "minecraft:recipes/building_blocks/gold_block": {
    "criteria": {
      "has_gold_ingot": "2024-09-27 01:14:59 +0000"
    },
    "done": true
  },
  "minecraft:recipes/tools/golden_hoe": {
    "criteria": {
      "has_gold_ingot": "2024-09-27 01:14:59 +0000"
    },
    "done": true
  },
  "minecraft:recipes/combat/golden_leggings": {
    "criteria": {
      "has_gold_ingot": "2024-09-27 01:14:59 +0000"
    },
    "done": true
  },
  "minecraft:recipes/transportation/carrot_on_a_stick": {
    "criteria": {
      "has_carrot": "2024-09-27 01:36:46 +0000"
    },
    "done": true
  },
  "minecraft:recipes/food/baked_potato_from_campfire_cooking": {
    "criteria": {
      "has_potato": "2024-09-27 01:39:44 +0000"
    },
    "done": true
  },
  "minecraft:recipes/food/baked_potato": {
    "criteria": {
      "has_potato": "2024-09-27 01:39:44 +0000"
    },
    "done": true
  },
  "minecraft:recipes/food/baked_potato_from_smoking": {
    "criteria": {
      "has_potato": "2024-09-27 01:39:44 +0000"
    },
    "done": true
  },
  "minecraft:recipes/decorations/prismarine_wall_from_prismarine_stonecutting": {
    "criteria": {
      "has_prismarine": "2024-09-28 19:27:14 +0000"
    },
    "done": true
  },
  "minecraft:recipes/decorations/prismarine_wall": {
    "criteria": {
      "has_prismarine": "2024-09-28 19:27:14 +0000"
    },
    "done": true
  },
  "minecraft:recipes/building_blocks/prismarine_slab_from_prismarine_stonecutting": {
    "criteria": {
      "has_prismarine": "2024-09-28 19:27:14 +0000"
    },
    "done": true
  },
  "minecraft:recipes/building_blocks/prismarine_stairs_from_prismarine_stonecutting": {
    "criteria": {
      "has_prismarine": "2024-09-28 19:27:14 +0000"
    },
    "done": true
  },
  "minecraft:story/lava_bucket": {
    "criteria": {
      "lava_bucket": "2024-09-28 19:28:27 +0000"
    },
    "done": true
  },
  "minecraft:recipes/building_blocks/prismarine_stairs": {
    "criteria": {
      "has_prismarine": "2024-09-28 19:27:14 +0000"
    },
    "done": true
  },
  "extendedslabs:recipes/building_blocks/vertical_prismarine_slab": {
    "criteria": {
      "has_item": "2024-09-28 19:27:14 +0000"
    },
    "done": true
  },
  "minecraft:recipes/building_blocks/prismarine_slab": {
    "criteria": {
      "has_prismarine": "2024-09-28 19:27:14 +0000"
    },
    "done": true
  },
  "DataVersion": 3465
}