{
  "minecraft:recipes/decorations/crafting_table": {
    "criteria": {
      "unlock_right_away": "2024-08-29 01:15:12 +0000"
    },
    "done": true
  },
  "minecraft:adventure/adventuring_time": {
    "criteria": {
      "minecraft:frozen_river": "2024-09-01 03:52:31 +0000",
      "minecraft:snowy_plains": "2024-08-29 01:15:13 +0000",
      "minecraft:frozen_ocean": "2024-09-01 03:54:23 +0000",
      "minecraft:snowy_beach": "2024-08-29 01:30:23 +0000",
      "minecraft:plains": "2024-09-23 23:47:47 +0000"
    },
    "done": false
  },
  "minecraft:recipes/misc/sugar_from_honey_bottle": {
    "criteria": {
      "has_honey_bottle": "2024-08-29 01:20:58 +0000"
    },
    "done": true
  },
  "minecraft:recipes/redstone/honey_block": {
    "criteria": {
      "has_honey_bottle": "2024-08-29 01:20:58 +0000"
    },
    "done": true
  },
  "minecraft:adventure/root": {
    "criteria": {
      "killed_by_something": "2024-08-29 01:21:22 +0000"
    },
    "done": true
  },
  "minecraft:recipes/misc/gold_nugget_from_smelting": {
    "criteria": {
      "has_golden_helmet": "2024-08-29 01:22:44 +0000"
    },
    "done": true
  },
  "minecraft:recipes/misc/gold_nugget_from_blasting": {
    "criteria": {
      "has_golden_helmet": "2024-08-29 01:22:44 +0000"
    },
    "done": true
  },
  "minecraft:husbandry/root": {
    "criteria": {
      "consumed_item": "2024-08-29 01:30:43 +0000"
    },
    "done": true
  },
  "minecraft:husbandry/balanced_diet": {
    "criteria": {
      "honey_bottle": "2024-08-29 01:30:43 +0000",
      "golden_apple": "2024-08-29 01:32:33 +0000"
    },
    "done": false
  },
  "minecraft:recipes/decorations/ladder": {
    "criteria": {
      "has_stick": "2024-09-01 03:54:29 +0000"
    },
    "done": true
  },
  "minecraft:recipes/tools/wooden_axe": {
    "criteria": {
      "has_stick": "2024-09-01 03:54:29 +0000"
    },
    "done": true
  },
  "minecraft:recipes/decorations/campfire": {
    "criteria": {
      "has_stick": "2024-09-01 03:54:29 +0000"
    },
    "done": true
  },
  "minecraft:recipes/tools/wooden_hoe": {
    "criteria": {
      "has_stick": "2024-09-01 03:54:29 +0000"
    },
    "done": true
  },
  "minecraft:recipes/tools/wooden_pickaxe": {
    "criteria": {
      "has_stick": "2024-09-01 03:54:29 +0000"
    },
    "done": true
  },
  "minecraft:recipes/tools/wooden_shovel": {
    "criteria": {
      "has_stick": "2024-09-01 03:54:29 +0000"
    },
    "done": true
  },
  "minecraft:recipes/combat/wooden_sword": {
    "criteria": {
      "has_stick": "2024-09-01 03:54:29 +0000"
    },
    "done": true
  },
  "extendedslabs:recipes/building_blocks/red_concrete_slab": {
    "criteria": {
      "has_item": "2024-09-23 23:49:34 +0000"
    },
    "done": true
  },
  "minecraft:recipes/building_blocks/quartz_slab": {
    "criteria": {
      "has_quartz_block": "2024-09-23 23:50:51 +0000"
    },
    "done": true
  },
  "minecraft:recipes/building_blocks/quartz_bricks": {
    "criteria": {
      "has_quartz_block": "2024-09-23 23:50:51 +0000"
    },
    "done": true
  },
  "extendedslabs:recipes/building_blocks/lime_concrete_slab": {
    "criteria": {
      "has_item": "2024-09-23 23:49:35 +0000"
    },
    "done": true
  },
  "extendedslabs:recipes/building_blocks/vertical_quartz_slab": {
    "criteria": {
      "has_item": "2024-09-23 23:50:51 +0000"
    },
    "done": true
  },
  "extendedslabs:recipes/building_blocks/light_gray_concrete_stairs": {
    "criteria": {
      "has_item": "2024-09-24 00:07:14 +0000"
    },
    "done": true
  },
  "extendedslabs:recipes/building_blocks/oak_wood_stairs": {
    "criteria": {
      "has_item": "2024-09-23 23:48:40 +0000"
    },
    "done": true
  },
  "minecraft:recipes/redstone/redstone_torch": {
    "criteria": {
      "has_redstone": "2024-09-24 00:08:17 +0000"
    },
    "done": true
  },
  "extendedslabs:recipes/building_blocks/oak_wood_slab": {
    "criteria": {
      "has_item": "2024-09-23 23:48:40 +0000"
    },
    "done": true
  },
  "minecraft:recipes/tools/clock": {
    "criteria": {
      "has_redstone": "2024-09-24 00:08:17 +0000"
    },
    "done": true
  },
  "framedblocks:recipes/building_blocks/framed_iron_trapdoor": {
    "criteria": {
      "hasFramedTrapdoor": "2024-09-23 23:54:30 +0000"
    },
    "done": true
  },
  "extendedslabs:recipes/building_blocks/black_terracotta_slab": {
    "criteria": {
      "has_item": "2024-09-24 00:04:39 +0000"
    },
    "done": true
  },
  "extendedslabs:recipes/building_blocks/vertical_black_terracotta_slab": {
    "criteria": {
      "has_item": "2024-09-24 00:04:39 +0000"
    },
    "done": true
  },
  "extendedslabs:recipes/building_blocks/red_concrete_stairs": {
    "criteria": {
      "has_item": "2024-09-23 23:49:34 +0000"
    },
    "done": true
  },
  "extendedslabs:recipes/building_blocks/vertical_white_stained_glass_slab": {
    "criteria": {
      "has_item": "2024-09-24 00:04:20 +0000"
    },
    "done": true
  },
  "extendedslabs:recipes/building_blocks/black_terracotta_stairs": {
    "criteria": {
      "has_item": "2024-09-24 00:04:39 +0000"
    },
    "done": true
  },
  "extendedslabs:recipes/building_blocks/white_stained_glass_slab": {
    "criteria": {
      "has_item": "2024-09-24 00:04:20 +0000"
    },
    "done": true
  },
  "extendedslabs:recipes/building_blocks/vertical_yellow_concrete_slab": {
    "criteria": {
      "has_item": "2024-09-23 23:49:32 +0000"
    },
    "done": true
  },
  "extendedslabs:recipes/building_blocks/vertical_light_gray_concrete_slab": {
    "criteria": {
      "has_item": "2024-09-24 00:07:14 +0000"
    },
    "done": true
  },
  "minecraft:recipes/decorations/chest": {
    "criteria": {
      "has_lots_of_items": "2024-09-24 00:04:20 +0000"
    },
    "done": true
  },
  "extendedslabs:recipes/building_blocks/vertical_oak_wood_slab": {
    "criteria": {
      "has_item": "2024-09-23 23:48:40 +0000"
    },
    "done": true
  },
  "minecraft:recipes/building_blocks/quartz_pillar_from_quartz_block_stonecutting": {
    "criteria": {
      "has_quartz_block": "2024-09-23 23:50:51 +0000"
    },
    "done": true
  },
  "framedblocks:recipes/building_blocks/framed_sloped_stairs": {
    "criteria": {
      "hasFramedSlab": "2024-09-24 00:13:09 +0000"
    },
    "done": true
  },
  "extendedslabs:recipes/building_blocks/vertical_red_concrete_slab": {
    "criteria": {
      "has_item": "2024-09-23 23:49:34 +0000"
    },
    "done": true
  },
  "minecraft:recipes/building_blocks/quartz_pillar": {
    "criteria": {
      "has_quartz_block": "2024-09-23 23:50:51 +0000"
    },
    "done": true
  },
  "minecraft:recipes/building_blocks/quartz_stairs_from_quartz_block_stonecutting": {
    "criteria": {
      "has_quartz_block": "2024-09-23 23:50:51 +0000"
    },
    "done": true
  },
  "minecraft:recipes/redstone/note_block": {
    "criteria": {
      "has_redstone": "2024-09-24 00:08:17 +0000"
    },
    "done": true
  },
  "framedblocks:recipes/building_blocks/framed_slab_edge": {
    "criteria": {
      "hasFramedSlab": "2024-09-24 00:13:09 +0000"
    },
    "done": true
  },
  "minecraft:recipes/redstone/target": {
    "criteria": {
      "has_redstone": "2024-09-24 00:08:17 +0000"
    },
    "done": true
  },
  "extendedslabs:recipes/building_blocks/quartz_vertical_slab_from_quartz_block_stonecutting": {
    "criteria": {
      "has_quartz_block": "2024-09-23 23:50:51 +0000"
    },
    "done": true
  },
  "extendedslabs:recipes/building_blocks/vertical_orange_concrete_slab": {
    "criteria": {
      "has_item": "2024-09-23 23:49:33 +0000"
    },
    "done": true
  },
  "extendedslabs:recipes/building_blocks/orange_concrete_stairs": {
    "criteria": {
      "has_item": "2024-09-23 23:49:33 +0000"
    },
    "done": true
  },
  "extendedslabs:recipes/building_blocks/orange_concrete_slab": {
    "criteria": {
      "has_item": "2024-09-23 23:49:33 +0000"
    },
    "done": true
  },
  "minecraft:recipes/tools/compass": {
    "criteria": {
      "has_redstone": "2024-09-24 00:08:17 +0000"
    },
    "done": true
  },
  "extendedslabs:recipes/building_blocks/vertical_lime_concrete_slab": {
    "criteria": {
      "has_item": "2024-09-23 23:49:35 +0000"
    },
    "done": true
  },
  "framedblocks:recipes/building_blocks/framed_trapdoor": {
    "criteria": {
      "hasFramedSlab": "2024-09-24 00:13:09 +0000"
    },
    "done": true
  },
  "minecraft:recipes/building_blocks/quartz_stairs": {
    "criteria": {
      "has_quartz_block": "2024-09-23 23:50:51 +0000"
    },
    "done": true
  },
  "minecraft:recipes/building_blocks/smooth_quartz": {
    "criteria": {
      "has_quartz_block": "2024-09-23 23:50:51 +0000"
    },
    "done": true
  },
  "minecraft:recipes/building_blocks/chiseled_quartz_block": {
    "criteria": {
      "has_quartz_block": "2024-09-23 23:50:51 +0000"
    },
    "done": true
  },
  "minecraft:recipes/building_blocks/quartz_bricks_from_quartz_block_stonecutting": {
    "criteria": {
      "has_quartz_block": "2024-09-23 23:50:51 +0000"
    },
    "done": true
  },
  "extendedslabs:recipes/building_blocks/lime_concrete_stairs": {
    "criteria": {
      "has_item": "2024-09-23 23:49:35 +0000"
    },
    "done": true
  },
  "minecraft:recipes/misc/charcoal": {
    "criteria": {
      "has_log": "2024-09-23 23:48:40 +0000"
    },
    "done": true
  },
  "minecraft:recipes/redstone/dropper": {
    "criteria": {
      "has_redstone": "2024-09-24 00:08:17 +0000"
    },
    "done": true
  },
  "extendedslabs:recipes/building_blocks/vertical_orange_concrete_powder_slab_from_orange_concrete_powder_slab": {
    "criteria": {
      "has_item": "2024-09-24 00:13:01 +0000"
    },
    "done": true
  },
  "minecraft:recipes/redstone/redstone_lamp": {
    "criteria": {
      "has_glowstone": "2024-09-24 00:05:09 +0000"
    },
    "done": true
  },
  "extendedslabs:recipes/building_blocks/light_gray_concrete_slab": {
    "criteria": {
      "has_item": "2024-09-24 00:07:14 +0000"
    },
    "done": true
  },
  "minecraft:recipes/building_blocks/chiseled_quartz_block_from_quartz_block_stonecutting": {
    "criteria": {
      "has_quartz_block": "2024-09-23 23:50:51 +0000"
    },
    "done": true
  },
  "minecraft:recipes/redstone/redstone_block": {
    "criteria": {
      "has_redstone": "2024-09-24 00:08:17 +0000"
    },
    "done": true
  },
  "extendedslabs:recipes/building_blocks/yellow_concrete_slab": {
    "criteria": {
      "has_item": "2024-09-23 23:49:32 +0000"
    },
    "done": true
  },
  "minecraft:recipes/building_blocks/oak_planks": {
    "criteria": {
      "has_logs": "2024-09-23 23:48:40 +0000"
    },
    "done": true
  },
  "minecraft:recipes/building_blocks/quartz_slab_from_stonecutting": {
    "criteria": {
      "has_quartz_block": "2024-09-23 23:50:51 +0000"
    },
    "done": true
  },
  "minecraft:recipes/decorations/black_glazed_terracotta": {
    "criteria": {
      "has_black_terracotta": "2024-09-24 00:04:39 +0000"
    },
    "done": true
  },
  "extendedslabs:recipes/building_blocks/grass_block_slab": {
    "criteria": {
      "has_item": "2024-09-24 00:06:10 +0000"
    },
    "done": true
  },
  "framedblocks:recipes/building_blocks/framed_floor_board": {
    "criteria": {
      "hasFramedSlab": "2024-09-24 00:13:09 +0000"
    },
    "done": true
  },
  "framedblocks:recipes/building_blocks/framed_slab_corner": {
    "criteria": {
      "hasFramedSlab": "2024-09-24 00:13:09 +0000"
    },
    "done": true
  },
  "framedblocks:recipes/building_blocks/framed_slab_rotate_to_framed_panel": {
    "criteria": {
      "hasFramedSlab": "2024-09-24 00:13:09 +0000"
    },
    "done": true
  },
  "minecraft:recipes/decorations/white_stained_glass_pane": {
    "criteria": {
      "has_glass": "2024-09-24 00:04:20 +0000"
    },
    "done": true
  },
  "framedblocks:recipes/building_blocks/framed_centered_slab": {
    "criteria": {
      "hasFramedSlab": "2024-09-24 00:13:09 +0000"
    },
    "done": true
  },
  "extendedslabs:recipes/building_blocks/white_stained_glass_stairs": {
    "criteria": {
      "has_item": "2024-09-24 00:04:20 +0000"
    },
    "done": true
  },
  "extendedslabs:recipes/building_blocks/vertical_grass_block_slab": {
    "criteria": {
      "has_item": "2024-09-24 00:06:10 +0000"
    },
    "done": true
  },
  "framedblocks:recipes/building_blocks/framed_sliced_stairs_slab": {
    "criteria": {
      "hasFramedSlab": "2024-09-24 00:13:09 +0000"
    },
    "done": true
  },
  "extendedslabs:recipes/building_blocks/yellow_concrete_stairs": {
    "criteria": {
      "has_item": "2024-09-23 23:49:32 +0000"
    },
    "done": true
  },
  "minecraft:recipes/redstone/piston": {
    "criteria": {
      "has_redstone": "2024-09-24 00:08:17 +0000"
    },
    "done": true
  },
  "DataVersion": 3465
}