{
  "minecraft:recipes/decorations/crafting_table": {
    "criteria": {
      "unlock_right_away": "2024-08-27 02:24:00 +0000"
    },
    "done": true
  },
  "minecraft:adventure/adventuring_time": {
    "criteria": {
      "minecraft:frozen_river": "2024-08-27 04:38:35 +0000",
      "minecraft:beach": "2024-09-23 22:54:50 +0000",
      "minecraft:river": "2024-09-23 22:53:31 +0000",
      "minecraft:snowy_plains": "2024-08-27 02:24:01 +0000",
      "minecraft:forest": "2024-09-23 22:58:19 +0000",
      "minecraft:frozen_ocean": "2024-08-27 21:40:20 +0000",
      "minecraft:snowy_beach": "2024-08-27 04:31:08 +0000",
      "minecraft:plains": "2024-09-23 22:53:29 +0000"
    },
    "done": false
  },
  "extendedslabs:recipes/building_blocks/end_stone_slab_from_vertical_end_stone_slab": {
    "criteria": {
      "has_item": "2024-08-27 03:21:15 +0000"
    },
    "done": true
  },
  "extendedslabs:recipes/building_blocks/light_gray_concrete_stairs": {
    "criteria": {
      "has_item": "2024-08-27 03:23:31 +0000"
    },
    "done": true
  },
  "extendedslabs:recipes/building_blocks/vertical_light_gray_concrete_slab": {
    "criteria": {
      "has_item": "2024-08-27 03:23:31 +0000"
    },
    "done": true
  },
  "extendedslabs:recipes/building_blocks/light_gray_concrete_slab": {
    "criteria": {
      "has_item": "2024-08-27 03:23:31 +0000"
    },
    "done": true
  },
  "extendedslabs:recipes/building_blocks/white_concrete_slab": {
    "criteria": {
      "has_item": "2024-08-27 04:53:32 +0000"
    },
    "done": true
  },
  "extendedslabs:recipes/building_blocks/white_concrete_stairs": {
    "criteria": {
      "has_item": "2024-08-27 04:53:32 +0000"
    },
    "done": true
  },
  "extendedslabs:recipes/building_blocks/vertical_white_concrete_slab": {
    "criteria": {
      "has_item": "2024-08-27 04:53:32 +0000"
    },
    "done": true
  },
  "minecraft:recipes/building_blocks/quartz_slab": {
    "criteria": {
      "has_quartz_block": "2024-08-27 04:53:45 +0000"
    },
    "done": true
  },
  "minecraft:recipes/building_blocks/quartz_bricks": {
    "criteria": {
      "has_quartz_block": "2024-08-27 04:53:45 +0000"
    },
    "done": true
  },
  "extendedslabs:recipes/building_blocks/vertical_quartz_slab": {
    "criteria": {
      "has_item": "2024-08-27 04:53:45 +0000"
    },
    "done": true
  },
  "minecraft:recipes/building_blocks/quartz_pillar_from_quartz_block_stonecutting": {
    "criteria": {
      "has_quartz_block": "2024-08-27 04:53:45 +0000"
    },
    "done": true
  },
  "minecraft:recipes/building_blocks/quartz_pillar": {
    "criteria": {
      "has_quartz_block": "2024-08-27 04:53:45 +0000"
    },
    "done": true
  },
  "minecraft:recipes/building_blocks/quartz_stairs_from_quartz_block_stonecutting": {
    "criteria": {
      "has_quartz_block": "2024-08-27 04:53:45 +0000"
    },
    "done": true
  },
  "extendedslabs:recipes/building_blocks/quartz_vertical_slab_from_quartz_block_stonecutting": {
    "criteria": {
      "has_quartz_block": "2024-08-27 04:53:45 +0000"
    },
    "done": true
  },
  "minecraft:recipes/building_blocks/quartz_stairs": {
    "criteria": {
      "has_quartz_block": "2024-08-27 04:53:45 +0000"
    },
    "done": true
  },
  "minecraft:recipes/building_blocks/smooth_quartz": {
    "criteria": {
      "has_quartz_block": "2024-08-27 04:53:45 +0000"
    },
    "done": true
  },
  "minecraft:recipes/building_blocks/chiseled_quartz_block": {
    "criteria": {
      "has_quartz_block": "2024-08-27 04:53:45 +0000"
    },
    "done": true
  },
  "minecraft:recipes/building_blocks/quartz_bricks_from_quartz_block_stonecutting": {
    "criteria": {
      "has_quartz_block": "2024-08-27 04:53:45 +0000"
    },
    "done": true
  },
  "minecraft:recipes/building_blocks/chiseled_quartz_block_from_quartz_block_stonecutting": {
    "criteria": {
      "has_quartz_block": "2024-08-27 04:53:45 +0000"
    },
    "done": true
  },
  "minecraft:recipes/building_blocks/quartz_slab_from_stonecutting": {
    "criteria": {
      "has_quartz_block": "2024-08-27 04:53:45 +0000"
    },
    "done": true
  },
  "extendedslabs:recipes/building_blocks/white_concrete_corner_from_white_concrete_stairs": {
    "criteria": {
      "has_item": "2024-08-27 04:55:10 +0000"
    },
    "done": true
  },
  "extendedslabs:recipes/building_blocks/vertical_white_concrete_slab_from_white_concrete_slab": {
    "criteria": {
      "has_item": "2024-08-27 04:55:14 +0000"
    },
    "done": true
  },
  "extendedslabs:recipes/building_blocks/black_concrete_stairs": {
    "criteria": {
      "has_item": "2024-08-27 04:55:59 +0000"
    },
    "done": true
  },
  "extendedslabs:recipes/building_blocks/black_concrete_slab": {
    "criteria": {
      "has_item": "2024-08-27 04:55:59 +0000"
    },
    "done": true
  },
  "extendedslabs:recipes/building_blocks/vertical_black_concrete_slab": {
    "criteria": {
      "has_item": "2024-08-27 04:55:59 +0000"
    },
    "done": true
  },
  "extendedslabs:recipes/building_blocks/black_concrete_corner_from_black_concrete_stairs": {
    "criteria": {
      "has_item": "2024-08-27 04:56:00 +0000"
    },
    "done": true
  },
  "extendedslabs:recipes/building_blocks/vertical_black_concrete_slab_from_black_concrete_slab": {
    "criteria": {
      "has_item": "2024-08-27 04:56:02 +0000"
    },
    "done": true
  },
  "minecraft:recipes/decorations/chest": {
    "criteria": {
      "has_lots_of_items": "2024-08-27 21:47:50 +0000"
    },
    "done": true
  },
  "minecraft:recipes/misc/sugar_from_honey_bottle": {
    "criteria": {
      "has_honey_bottle": "2024-08-27 22:43:33 +0000"
    },
    "done": true
  },
  "minecraft:recipes/redstone/honey_block": {
    "criteria": {
      "has_honey_bottle": "2024-08-27 22:43:33 +0000"
    },
    "done": true
  },
  "minecraft:husbandry/root": {
    "criteria": {
      "consumed_item": "2024-08-27 22:45:06 +0000"
    },
    "done": true
  },
  "minecraft:husbandry/balanced_diet": {
    "criteria": {
      "honey_bottle": "2024-08-27 22:45:06 +0000",
      "golden_apple": "2024-08-27 23:58:46 +0000"
    },
    "done": false
  },
  "extendedslabs:recipes/building_blocks/vertical_light_gray_concrete_slab_from_light_gray_concrete_slab": {
    "criteria": {
      "has_item": "2024-08-27 23:33:54 +0000"
    },
    "done": true
  },
  "minecraft:recipes/decorations/painting": {
    "criteria": {
      "has_wool": "2024-08-28 15:23:36 +0000"
    },
    "done": true
  },
  "minecraft:recipes/decorations/black_carpet": {
    "criteria": {
      "has_black_wool": "2024-08-28 15:23:36 +0000"
    },
    "done": true
  },
  "extendedslabs:recipes/building_blocks/black_wool_stairs": {
    "criteria": {
      "has_item": "2024-08-28 15:23:36 +0000"
    },
    "done": true
  },
  "minecraft:recipes/decorations/black_banner": {
    "criteria": {
      "has_black_wool": "2024-08-28 15:23:36 +0000"
    },
    "done": true
  },
  "extendedslabs:recipes/building_blocks/black_wool_slab": {
    "criteria": {
      "has_item": "2024-08-28 15:23:36 +0000"
    },
    "done": true
  },
  "minecraft:recipes/decorations/black_bed": {
    "criteria": {
      "has_black_wool": "2024-08-28 15:23:36 +0000"
    },
    "done": true
  },
  "extendedslabs:recipes/building_blocks/vertical_black_wool_slab": {
    "criteria": {
      "has_item": "2024-08-28 15:23:36 +0000"
    },
    "done": true
  },
  "extendedslabs:recipes/building_blocks/blue_wool_corner_from_blue_wool_stairs": {
    "criteria": {
      "has_item": "2024-08-28 15:27:29 +0000"
    },
    "done": true
  },
  "extendedslabs:recipes/building_blocks/vertical_blue_wool_slab": {
    "criteria": {
      "has_item": "2024-08-28 15:33:41 +0000"
    },
    "done": true
  },
  "extendedslabs:recipes/building_blocks/blue_wool_stairs": {
    "criteria": {
      "has_item": "2024-08-28 15:33:41 +0000"
    },
    "done": true
  },
  "minecraft:recipes/decorations/blue_bed": {
    "criteria": {
      "has_blue_wool": "2024-08-28 15:33:41 +0000"
    },
    "done": true
  },
  "minecraft:recipes/decorations/blue_carpet": {
    "criteria": {
      "has_blue_wool": "2024-08-28 15:33:41 +0000"
    },
    "done": true
  },
  "minecraft:recipes/decorations/blue_banner": {
    "criteria": {
      "has_blue_wool": "2024-08-28 15:33:41 +0000"
    },
    "done": true
  },
  "extendedslabs:recipes/building_blocks/blue_wool_slab": {
    "criteria": {
      "has_item": "2024-08-28 15:33:41 +0000"
    },
    "done": true
  },
  "minecraft:recipes/decorations/stone_brick_wall": {
    "criteria": {
      "has_stone_bricks": "2024-08-28 15:42:22 +0000"
    },
    "done": true
  },
  "extendedslabs:recipes/building_blocks/vertical_stone_brick_slab": {
    "criteria": {
      "has_item": "2024-08-28 15:42:22 +0000"
    },
    "done": true
  },
  "extendedslabs:recipes/building_blocks/stone_brick_vertical_slab_from_stone_bricks_stonecutting": {
    "criteria": {
      "has_stone_bricks": "2024-08-28 15:42:22 +0000"
    },
    "done": true
  },
  "minecraft:recipes/building_blocks/cracked_stone_bricks": {
    "criteria": {
      "has_stone_bricks": "2024-08-28 15:42:22 +0000"
    },
    "done": true
  },
  "minecraft:recipes/building_blocks/stone_brick_stairs_from_stone_bricks_stonecutting": {
    "criteria": {
      "has_stone_bricks": "2024-08-28 15:42:22 +0000"
    },
    "done": true
  },
  "minecraft:recipes/building_blocks/stone_brick_stairs": {
    "criteria": {
      "has_stone_bricks": "2024-08-28 15:42:22 +0000"
    },
    "done": true
  },
  "minecraft:recipes/building_blocks/chiseled_stone_bricks": {
    "criteria": {
      "has_tag": "2024-08-28 15:42:22 +0000"
    },
    "done": true
  },
  "minecraft:recipes/decorations/stone_brick_wall_from_stone_bricks_stonecutting": {
    "criteria": {
      "has_stone_bricks": "2024-08-28 15:42:22 +0000"
    },
    "done": true
  },
  "minecraft:recipes/building_blocks/stone_brick_slab_from_stone_bricks_stonecutting": {
    "criteria": {
      "has_stone_bricks": "2024-08-28 15:42:22 +0000"
    },
    "done": true
  },
  "minecraft:recipes/building_blocks/stone_brick_slab": {
    "criteria": {
      "has_stone_bricks": "2024-08-28 15:42:22 +0000"
    },
    "done": true
  },
  "minecraft:recipes/building_blocks/chiseled_stone_bricks_from_stone_bricks_stonecutting": {
    "criteria": {
      "has_stone_bricks": "2024-08-28 15:42:22 +0000"
    },
    "done": true
  },
  "extendedslabs:recipes/building_blocks/stone_brick_corner_from_stone_brick_stairs": {
    "criteria": {
      "has_item": "2024-08-28 15:42:23 +0000"
    },
    "done": true
  },
  "extendedslabs:recipes/building_blocks/vertical_stone_brick_slab_from_stone_brick_slab": {
    "criteria": {
      "has_item": "2024-08-28 15:42:25 +0000"
    },
    "done": true
  },
  "extendedslabs:recipes/building_blocks/light_gray_concrete_corner_from_light_gray_concrete_stairs": {
    "criteria": {
      "has_item": "2024-08-28 15:49:17 +0000"
    },
    "done": true
  },
  "minecraft:recipes/building_blocks/mossy_stone_bricks_from_vine": {
    "criteria": {
      "has_vine": "2024-08-28 15:50:18 +0000"
    },
    "done": true
  },
  "minecraft:recipes/building_blocks/mossy_cobblestone_from_vine": {
    "criteria": {
      "has_vine": "2024-08-28 15:50:18 +0000"
    },
    "done": true
  },
  "extendedslabs:recipes/building_blocks/green_wool_corner_from_green_wool_stairs": {
    "criteria": {
      "has_item": "2024-08-28 15:51:56 +0000"
    },
    "done": true
  },
  "extendedslabs:recipes/building_blocks/lime_concrete_corner_from_lime_concrete_stairs": {
    "criteria": {
      "has_item": "2024-08-28 15:52:23 +0000"
    },
    "done": true
  },
  "extendedslabs:recipes/building_blocks/lime_concrete_slab": {
    "criteria": {
      "has_item": "2024-08-28 15:54:13 +0000"
    },
    "done": true
  },
  "extendedslabs:recipes/building_blocks/vertical_lime_concrete_slab": {
    "criteria": {
      "has_item": "2024-08-28 15:54:13 +0000"
    },
    "done": true
  },
  "extendedslabs:recipes/building_blocks/lime_concrete_stairs": {
    "criteria": {
      "has_item": "2024-08-28 15:54:13 +0000"
    },
    "done": true
  },
  "extendedslabs:recipes/building_blocks/vertical_cyan_concrete_slab": {
    "criteria": {
      "has_item": "2024-09-23 22:55:34 +0000"
    },
    "done": true
  },
  "minecraft:recipes/building_blocks/stone_bricks": {
    "criteria": {
      "has_stone": "2024-09-23 22:59:28 +0000"
    },
    "done": true
  },
  "minecraft:recipes/decorations/ladder": {
    "criteria": {
      "has_stick": "2024-09-23 22:57:43 +0000"
    },
    "done": true
  },
  "extendedslabs:recipes/building_blocks/stone_vertical_slab_from_stone_stonecutting": {
    "criteria": {
      "has_stone": "2024-09-23 22:59:28 +0000"
    },
    "done": true
  },
  "minecraft:recipes/tools/wooden_axe": {
    "criteria": {
      "has_stick": "2024-09-23 22:57:43 +0000"
    },
    "done": true
  },
  "minecraft:recipes/building_blocks/stone_bricks_from_stone_stonecutting": {
    "criteria": {
      "has_stone": "2024-09-23 22:59:28 +0000"
    },
    "done": true
  },
  "minecraft:recipes/building_blocks/stone_slab": {
    "criteria": {
      "has_stone": "2024-09-23 22:59:28 +0000"
    },
    "done": true
  },
  "extendedslabs:recipes/building_blocks/vertical_stone_slab": {
    "criteria": {
      "has_item": "2024-09-23 22:59:28 +0000"
    },
    "done": true
  },
  "minecraft:recipes/building_blocks/stone_stairs_from_stone_stonecutting": {
    "criteria": {
      "has_stone": "2024-09-23 22:59:28 +0000"
    },
    "done": true
  },
  "minecraft:recipes/redstone/stone_button": {
    "criteria": {
      "has_stone": "2024-09-23 22:59:28 +0000"
    },
    "done": true
  },
  "minecraft:recipes/decorations/stonecutter": {
    "criteria": {
      "has_stone": "2024-09-23 22:59:28 +0000"
    },
    "done": true
  },
  "minecraft:recipes/redstone/stone_pressure_plate": {
    "criteria": {
      "has_stone": "2024-09-23 22:59:28 +0000"
    },
    "done": true
  },
  "minecraft:recipes/building_blocks/smooth_stone": {
    "criteria": {
      "has_stone": "2024-09-23 22:59:28 +0000"
    },
    "done": true
  },
  "minecraft:recipes/decorations/stone_brick_walls_from_stone_stonecutting": {
    "criteria": {
      "has_stone": "2024-09-23 22:59:28 +0000"
    },
    "done": true
  },
  "minecraft:recipes/building_blocks/stone_brick_slab_from_stone_stonecutting": {
    "criteria": {
      "has_stone": "2024-09-23 22:59:28 +0000"
    },
    "done": true
  },
  "minecraft:recipes/building_blocks/stone_brick_stairs_from_stone_stonecutting": {
    "criteria": {
      "has_stone": "2024-09-23 22:59:28 +0000"
    },
    "done": true
  },
  "extendedslabs:recipes/building_blocks/cyan_concrete_stairs": {
    "criteria": {
      "has_item": "2024-09-23 22:55:34 +0000"
    },
    "done": true
  },
  "minecraft:recipes/decorations/campfire": {
    "criteria": {
      "has_stick": "2024-09-23 22:57:43 +0000"
    },
    "done": true
  },
  "minecraft:recipes/building_blocks/stone_slab_from_stone_stonecutting": {
    "criteria": {
      "has_stone": "2024-09-23 22:59:28 +0000"
    },
    "done": true
  },
  "minecraft:recipes/tools/wooden_hoe": {
    "criteria": {
      "has_stick": "2024-09-23 22:57:43 +0000"
    },
    "done": true
  },
  "minecraft:recipes/tools/wooden_pickaxe": {
    "criteria": {
      "has_stick": "2024-09-23 22:57:43 +0000"
    },
    "done": true
  },
  "minecraft:recipes/building_blocks/chiseled_stone_bricks_stone_from_stonecutting": {
    "criteria": {
      "has_stone": "2024-09-23 22:59:28 +0000"
    },
    "done": true
  },
  "minecraft:recipes/tools/wooden_shovel": {
    "criteria": {
      "has_stick": "2024-09-23 22:57:43 +0000"
    },
    "done": true
  },
  "extendedslabs:recipes/building_blocks/stone_brick_vertical_slab_from_stone_stonecutting": {
    "criteria": {
      "has_stone": "2024-09-23 22:59:28 +0000"
    },
    "done": true
  },
  "minecraft:recipes/combat/wooden_sword": {
    "criteria": {
      "has_stick": "2024-09-23 22:57:43 +0000"
    },
    "done": true
  },
  "extendedslabs:recipes/building_blocks/grass_block_slab": {
    "criteria": {
      "has_item": "2024-09-23 22:54:20 +0000"
    },
    "done": true
  },
  "extendedslabs:recipes/building_blocks/vertical_grass_block_slab": {
    "criteria": {
      "has_item": "2024-09-23 22:54:20 +0000"
    },
    "done": true
  },
  "extendedslabs:recipes/building_blocks/cyan_concrete_slab": {
    "criteria": {
      "has_item": "2024-09-23 22:55:34 +0000"
    },
    "done": true
  },
  "minecraft:recipes/building_blocks/stone_stairs": {
    "criteria": {
      "has_stone": "2024-09-23 22:59:28 +0000"
    },
    "done": true
  },
  "DataVersion": 3465
}