{
  "minecraft:recipes/decorations/crafting_table": {
    "criteria": {
      "unlock_right_away": "2024-11-24 00:54:21 +0000"
    },
    "done": true
  },
  "minecraft:adventure/adventuring_time": {
    "criteria": {
      "minecraft:taiga": "2024-11-24 01:07:16 +0000",
      "minecraft:savanna_plateau": "2024-11-24 01:10:39 +0000",
      "minecraft:beach": "2024-11-24 01:07:18 +0000",
      "minecraft:river": "2024-11-24 01:09:53 +0000",
      "minecraft:snowy_plains": "2024-11-24 01:01:29 +0000",
      "minecraft:forest": "2024-11-24 01:05:18 +0000",
      "minecraft:frozen_ocean": "2024-11-24 01:27:00 +0000",
      "minecraft:desert": "2024-11-24 01:09:18 +0000",
      "minecraft:snowy_beach": "2024-11-24 00:54:22 +0000",
      "minecraft:savanna": "2024-11-24 01:09:54 +0000",
      "minecraft:plains": "2024-11-24 01:10:52 +0000"
    },
    "done": false
  },
  "DataVersion": 3465
}