{
  "minecraft:recipes/decorations/crafting_table": {
    "criteria": {
      "unlock_right_away": "2024-11-24 00:54:21 +0000"
    },
    "done": true
  },
  "minecraft:adventure/adventuring_time": {
    "criteria": {
      "minecraft:taiga": "2024-11-24 01:07:16 +0000",
      "minecraft:frozen_river": "2024-12-01 03:50:44 +0000",
      "minecraft:savanna_plateau": "2024-11-24 01:10:39 +0000",
      "minecraft:beach": "2024-11-24 01:07:18 +0000",
      "minecraft:river": "2024-11-24 01:09:53 +0000",
      "minecraft:snowy_plains": "2024-11-24 01:01:29 +0000",
      "minecraft:cold_ocean": "2024-11-24 02:32:49 +0000",
      "minecraft:forest": "2024-11-24 01:05:18 +0000",
      "minecraft:frozen_ocean": "2024-11-24 01:27:00 +0000",
      "minecraft:desert": "2024-11-24 01:09:18 +0000",
      "minecraft:snowy_beach": "2024-11-24 00:54:22 +0000",
      "minecraft:savanna": "2024-11-24 01:09:54 +0000",
      "minecraft:plains": "2024-11-24 01:10:52 +0000"
    },
    "done": false
  },
  "minecraft:story/obtain_armor": {
    "criteria": {
      "iron_chestplate": "2024-11-24 01:35:25 +0000"
    },
    "done": true
  },
  "minecraft:recipes/misc/iron_nugget_from_smelting": {
    "criteria": {
      "has_iron_chestplate": "2024-11-24 01:35:25 +0000"
    },
    "done": true
  },
  "minecraft:recipes/misc/iron_nugget_from_blasting": {
    "criteria": {
      "has_iron_chestplate": "2024-11-24 01:35:25 +0000"
    },
    "done": true
  },
  "minecraft:recipes/misc/gold_nugget_from_smelting": {
    "criteria": {
      "has_golden_helmet": "2024-11-24 01:44:07 +0000"
    },
    "done": true
  },
  "minecraft:recipes/misc/gold_nugget_from_blasting": {
    "criteria": {
      "has_golden_helmet": "2024-11-24 01:44:07 +0000"
    },
    "done": true
  },
  "minecraft:adventure/sleep_in_bed": {
    "criteria": {
      "slept_in_bed": "2024-11-24 01:59:16 +0000"
    },
    "done": true
  },
  "minecraft:recipes/building_blocks/coal_block": {
    "criteria": {
      "has_coal": "2024-11-24 01:59:55 +0000"
    },
    "done": true
  },
  "minecraft:recipes/decorations/campfire": {
    "criteria": {
      "has_coal": "2024-11-24 01:59:55 +0000"
    },
    "done": true
  },
  "extendedslabs:recipes/building_blocks/vertical_white_concrete_slab_from_white_concrete_slab": {
    "criteria": {
      "has_item": "2024-11-24 02:01:18 +0000"
    },
    "done": true
  },
  "extendedslabs:recipes/building_blocks/black_concrete_stairs": {
    "criteria": {
      "has_item": "2024-11-24 02:15:41 +0000"
    },
    "done": true
  },
  "extendedslabs:recipes/building_blocks/black_concrete_slab": {
    "criteria": {
      "has_item": "2024-11-24 02:15:41 +0000"
    },
    "done": true
  },
  "extendedslabs:recipes/building_blocks/vertical_black_concrete_slab": {
    "criteria": {
      "has_item": "2024-11-24 02:15:41 +0000"
    },
    "done": true
  },
  "minecraft:recipes/decorations/chest": {
    "criteria": {
      "has_lots_of_items": "2024-11-24 02:16:51 +0000"
    },
    "done": true
  },
  "extendedslabs:recipes/building_blocks/light_gray_terracotta_corner_from_light_gray_terracotta_stairs": {
    "criteria": {
      "has_item": "2024-11-24 02:17:08 +0000"
    },
    "done": true
  },
  "extendedslabs:recipes/building_blocks/white_concrete_slab": {
    "criteria": {
      "has_item": "2024-11-24 02:17:22 +0000"
    },
    "done": true
  },
  "extendedslabs:recipes/building_blocks/white_concrete_stairs": {
    "criteria": {
      "has_item": "2024-11-24 02:17:22 +0000"
    },
    "done": true
  },
  "extendedslabs:recipes/building_blocks/vertical_white_concrete_slab": {
    "criteria": {
      "has_item": "2024-11-24 02:17:22 +0000"
    },
    "done": true
  },
  "minecraft:story/lava_bucket": {
    "criteria": {
      "lava_bucket": "2024-11-24 02:21:55 +0000"
    },
    "done": true
  },
  "minecraft:recipes/brewing/cauldron": {
    "criteria": {
      "has_water_bucket": "2024-11-24 02:22:02 +0000"
    },
    "done": true
  },
  "minecraft:adventure/root": {
    "criteria": {
      "killed_by_something": "2024-11-24 02:27:42 +0000"
    },
    "done": true
  },
  "minecraft:recipes/misc/bone_meal": {
    "criteria": {
      "has_bone": "2024-11-24 02:28:00 +0000"
    },
    "done": true
  },
  "extendedslabs:recipes/building_blocks/vertical_dirt_path_slab": {
    "criteria": {
      "has_item": "2024-11-24 02:29:27 +0000"
    },
    "done": true
  },
  "extendedslabs:recipes/building_blocks/dirt_path_slab": {
    "criteria": {
      "has_item": "2024-11-24 02:29:27 +0000"
    },
    "done": true
  },
  "extendedslabs:recipes/building_blocks/dirt_slab": {
    "criteria": {
      "has_item": "2024-11-24 02:31:41 +0000"
    },
    "done": true
  },
  "extendedslabs:recipes/building_blocks/dirt_stairs": {
    "criteria": {
      "has_item": "2024-11-24 02:31:41 +0000"
    },
    "done": true
  },
  "extendedslabs:recipes/building_blocks/vertical_dirt_slab": {
    "criteria": {
      "has_item": "2024-11-24 02:31:41 +0000"
    },
    "done": true
  },
  "extendedslabs:recipes/building_blocks/grass_block_slab": {
    "criteria": {
      "has_item": "2024-11-24 02:31:48 +0000"
    },
    "done": true
  },
  "extendedslabs:recipes/building_blocks/vertical_grass_block_slab": {
    "criteria": {
      "has_item": "2024-11-24 02:31:48 +0000"
    },
    "done": true
  },
  "minecraft:recipes/misc/charcoal": {
    "criteria": {
      "has_log": "2024-11-24 02:33:06 +0000"
    },
    "done": true
  },
  "minecraft:recipes/building_blocks/oak_planks": {
    "criteria": {
      "has_logs": "2024-11-24 02:33:06 +0000"
    },
    "done": true
  },
  "minecraft:recipes/building_blocks/oak_wood": {
    "criteria": {
      "has_log": "2024-11-24 02:33:06 +0000"
    },
    "done": true
  },
  "minecraft:recipes/building_blocks/birch_wood": {
    "criteria": {
      "has_log": "2024-11-24 02:34:10 +0000"
    },
    "done": true
  },
  "minecraft:recipes/building_blocks/birch_planks": {
    "criteria": {
      "has_logs": "2024-11-24 02:34:10 +0000"
    },
    "done": true
  },
  "minecraft:adventure/ol_betsy": {
    "criteria": {
      "shot_crossbow": "2024-11-24 02:35:35 +0000"
    },
    "done": true
  },
  "minecraft:recipes/misc/copper_ingot_from_blasting_raw_copper": {
    "criteria": {
      "has_raw_copper": "2024-11-24 02:45:02 +0000"
    },
    "done": true
  },
  "minecraft:recipes/building_blocks/raw_copper_block": {
    "criteria": {
      "has_raw_copper": "2024-11-24 02:45:02 +0000"
    },
    "done": true
  },
  "minecraft:recipes/misc/copper_ingot_from_smelting_raw_copper": {
    "criteria": {
      "has_raw_copper": "2024-11-24 02:45:02 +0000"
    },
    "done": true
  },
  "DataVersion": 3465
}